insert into user_account(id, email, password, username) values(1, 'vanille@gmail.com', '{noop}pw', 'vanille');
insert into user_account(id, email, password, username) values(2, 'vanille2@gmail.com', '{noop}pw', 'vanille2');

insert into post (id, title, content, content_raw, hashtag, post_type, created_at, created_by, modified_at, modified_by, view, liked, user_id) values (1, 'Marketing Manager', 'Morbi vel lectus in quam fringilla rhoncus. Mauris enim leo, rhoncus sed, vestibulum sit amet, cursus id, turpis.', 'Nulla tempus.', '#931f40', 'DATING', '2021-12-24 10:31:02', 'Aidan', '2022-04-11 09:29:51', 'Vasilis', 1, 1, 1);
insert into post (id, title, content, content_raw, hashtag, post_type, created_at, created_by, modified_at, modified_by, view, liked, user_id) values (2, 'Help Desk Technician', 'Nunc rhoncus dui vel sem.', 'Aliquam augue quam, sollicitudin vitae, consectetuer eget, rutrum at, lorem. Integer tincidunt ante vel ipsum.', '#4dc527', 'DATING', '2022-08-10 11:30:06', 'Norean', '2022-11-18 08:08:27', 'Zea', 2, 2, 1);
insert into post (id, title, content, content_raw, hashtag, post_type, created_at, created_by, modified_at, modified_by, view, liked, user_id) values (3, 'Occupational Therapist', 'Aenean sit amet justo. Morbi ut odio.', 'Nulla suscipit ligula in lacus. Curabitur at ipsum ac tellus semper interdum. Mauris ullamcorper purus sit amet nulla.', '#1c42b1', 'GOSSIP', '2022-03-12 13:56:18', 'Tim', '2022-05-31 06:50:50', 'Betty', 3, 3, 2);
insert into post (id, title, content, content_raw, hashtag, post_type, created_at, created_by, modified_at, modified_by, view, liked, user_id) values (4, 'Quality Engineer', 'Curabitur in libero ut massa volutpat convallis. Morbi odio odio, elementum eu, interdum eu, tincidunt in, leo.', 'In hac habitasse platea dictumst.', '#4debe7', 'TRIAL', '2022-04-22 13:51:45', 'Demetra', '2021-12-05 17:14:14', 'Allin', 4, 4, 2);
insert into post (id, title, content, content_raw, hashtag, post_type, created_at, created_by, modified_at, modified_by, view, liked, user_id) values (5, 'Nuclear Power Engineer', 'Curabitur gravida nisi at nibh.', 'Etiam pretium iaculis justo. In hac habitasse platea dictumst. Etiam faucibus cursus urna.', '#a7073b', 'TRIAL', '2022-05-15 09:05:50', 'Shoshana', '2022-11-09 13:42:27', 'Dominic', 5, 5, 1);
insert into post (id, title, content, content_raw, hashtag, post_type, created_at, created_by, modified_at, modified_by, view, liked, user_id) values (6, 'Administrative Assistant III', 'Vivamus metus arcu, adipiscing molestie, hendrerit at, vulputate vitae, nisl. Aenean lectus. Pellentesque eget nunc.', 'Aliquam non mauris. Morbi non lectus. Aliquam sit amet diam in magna bibendum imperdiet.', '#d2bc5f', 'CONSULT', '2022-08-01 19:51:28', 'Lyn', '2022-04-02 17:27:37', 'Lindsay', 6, 6, 1);
insert into post (id, title, content, content_raw, hashtag, post_type, created_at, created_by, modified_at, modified_by, view, liked, user_id) values (7, 'Quality Control Specialist', 'Morbi a ipsum. Integer a nibh.', 'Vestibulum quam sapien, varius ut, blandit non, interdum in, ante. Vestibulum ante ipsum primis in faucibus orci luctus et ultrices posuere cubilia Curae; Duis faucibus accumsan odio.', '#199dfe', 'DATING', '2021-12-25 18:00:21', 'Zahara', '2022-09-09 02:53:27', 'Nowell', 7, 7, 1);
insert into post (id, title, content, content_raw, hashtag, post_type, created_at, created_by, modified_at, modified_by, view, liked, user_id) values (8, 'Account Representative II', 'Integer pede justo, lacinia eget, tincidunt eget, tempus vel, pede. Morbi porttitor lorem id ligula.', 'Pellentesque at nulla.', '#3fcafd', 'CONSULT', '2021-12-21 20:23:49', 'Falito', '2022-07-05 10:14:45', 'Ellwood', 8, 8, 2);
insert into post (id, title, content, content_raw, hashtag, post_type, created_at, created_by, modified_at, modified_by, view, liked, user_id) values (9, 'Sales Representative', 'Fusce posuere felis sed lacus. Morbi sem mauris, laoreet ut, rhoncus aliquet, pulvinar sed, nisl. Nunc rhoncus dui vel sem.', 'Cras pellentesque volutpat dui. Maecenas tristique, est et tempus semper, est quam pharetra magna, ac consequat metus sapien ut nunc. Vestibulum ante ipsum primis in faucibus orci luctus et ultrices posuere cubilia Curae; Mauris viverra diam vitae quam.', '#65957c', 'CONSULT', '2022-02-20 12:08:14', 'Amalita', '2022-10-11 17:42:01', 'Ferdie', 9, 9, 2);
insert into post (id, title, content, content_raw, hashtag, post_type, created_at, created_by, modified_at, modified_by, view, liked, user_id) values (10, 'Payment Adjustment Coordinator', 'Nullam molestie nibh in lectus. Pellentesque at nulla.', 'Suspendisse ornare consequat lectus.', '#fa57fd', 'CONSULT', '2022-05-14 02:47:02', 'Marisa', '2022-08-16 05:49:43', 'Cart', 10, 10, 1);
insert into post (id, title, content, content_raw, hashtag, post_type, created_at, created_by, modified_at, modified_by, view, liked, user_id) values (11, 'Speech Pathologist', 'Cum sociis natoque penatibus et magnis dis parturient montes, nascetur ridiculus mus.', 'Duis ac nibh. Fusce lacus purus, aliquet at, feugiat non, pretium quis, lectus.', '#a3c40b', 'GOSSIP', '2021-12-23 11:31:23', 'Clemence', '2022-11-24 05:12:56', 'Tyne', 11, 11, 2);
insert into post (id, title, content, content_raw, hashtag, post_type, created_at, created_by, modified_at, modified_by, view, liked, user_id) values (12, 'Programmer Analyst III', 'Maecenas rhoncus aliquam lacus. Morbi quis tortor id nulla ultrices aliquet.', 'Praesent blandit lacinia erat. Vestibulum sed magna at nunc commodo placerat.', '#866bad', 'GOSSIP', '2022-11-24 05:00:59', 'Fenelia', '2022-10-04 17:19:01', 'Allene', 12, 12, 1);
insert into post (id, title, content, content_raw, hashtag, post_type, created_at, created_by, modified_at, modified_by, view, liked, user_id) values (13, 'Health Coach II', 'Quisque porta volutpat erat.', 'Aliquam quis turpis eget elit sodales scelerisque. Mauris sit amet eros. Suspendisse accumsan tortor quis turpis.', '#9975c2', 'GOSSIP', '2022-07-13 12:59:11', 'Benedicta', '2022-02-05 12:47:51', 'Jazmin', 13, 13, 1);
insert into post (id, title, content, content_raw, hashtag, post_type, created_at, created_by, modified_at, modified_by, view, liked, user_id) values (14, 'Programmer I', 'Lorem ipsum dolor sit amet, consectetuer adipiscing elit. Proin risus.', 'Aliquam quis turpis eget elit sodales scelerisque.', '#b42fe9', 'DATING', '2022-06-05 15:21:11', 'Elberta', '2022-06-24 09:15:45', 'Stuart', 14, 14, 2);
insert into post (id, title, content, content_raw, hashtag, post_type, created_at, created_by, modified_at, modified_by, view, liked, user_id) values (15, 'Junior Executive', 'Pellentesque viverra pede ac diam. Cras pellentesque volutpat dui. Maecenas tristique, est et tempus semper, est quam pharetra magna, ac consequat metus sapien ut nunc.', 'Vestibulum sed magna at nunc commodo placerat. Praesent blandit. Nam nulla.', '#5f8b3e', 'GOSSIP', '2022-04-30 09:04:18', 'Janella', '2022-07-31 11:59:45', 'Phillipe', 15, 15, 2);
insert into post (id, title, content, content_raw, hashtag, post_type, created_at, created_by, modified_at, modified_by, view, liked, user_id) values (16, 'Office Assistant III', 'In congue. Etiam justo.', 'Quisque id justo sit amet sapien dignissim vestibulum.', '#1ccd7e', 'DATING', '2022-02-13 19:09:40', 'Didi', '2022-05-09 13:17:43', 'Rafael', 16, 16, 2);
insert into post (id, title, content, content_raw, hashtag, post_type, created_at, created_by, modified_at, modified_by, view, liked, user_id) values (17, 'Registered Nurse', 'In eleifend quam a odio. In hac habitasse platea dictumst. Maecenas ut massa quis augue luctus tincidunt.', 'Mauris lacinia sapien quis libero.', '#d983a4', 'GOSSIP', '2022-09-10 17:21:39', 'Eryn', '2022-08-12 18:06:47', 'Renelle', 17, 17, 2);
insert into post (id, title, content, content_raw, hashtag, post_type, created_at, created_by, modified_at, modified_by, view, liked, user_id) values (18, 'Biostatistician III', 'Quisque porta volutpat erat. Quisque erat eros, viverra eget, congue eget, semper rutrum, nulla. Nunc purus.', 'Cras mi pede, malesuada in, imperdiet et, commodo vulputate, justo. In blandit ultrices enim.', '#1c6abb', 'TRIAL', '2022-02-27 12:08:57', 'Karee', '2022-04-20 13:02:05', 'Tani', 18, 18, 2);
insert into post (id, title, content, content_raw, hashtag, post_type, created_at, created_by, modified_at, modified_by, view, liked, user_id) values (19, 'Editor', 'Maecenas pulvinar lobortis est. Phasellus sit amet erat. Nulla tempus.', 'Donec dapibus.', '#8a35cf', 'DATING', '2022-12-04 19:10:53', 'Rona', '2022-02-22 05:10:13', 'Bartholemy', 19, 19, 2);
insert into post (id, title, content, content_raw, hashtag, post_type, created_at, created_by, modified_at, modified_by, view, liked, user_id) values (20, 'Software Engineer IV', 'In sagittis dui vel nisl. Duis ac nibh. Fusce lacus purus, aliquet at, feugiat non, pretium quis, lectus.', 'Cras mi pede, malesuada in, imperdiet et, commodo vulputate, justo. In blandit ultrices enim.', '#7bc80b', 'CONSULT', '2022-03-10 05:34:28', 'Art', '2022-10-05 20:48:30', 'Aharon', 20, 20, 1);
insert into post (id, title, content, content_raw, hashtag, post_type, created_at, created_by, modified_at, modified_by, view, liked, user_id) values (21, 'Associate Professor', 'Donec odio justo, sollicitudin ut, suscipit a, feugiat et, eros.', 'Morbi odio odio, elementum eu, interdum eu, tincidunt in, leo.', '#6080c3', 'DATING', '2022-03-20 00:23:46', 'Sally', '2022-01-16 13:47:30', 'Melly', 21, 21, 2);
insert into post (id, title, content, content_raw, hashtag, post_type, created_at, created_by, modified_at, modified_by, view, liked, user_id) values (22, 'Senior Developer', 'Fusce lacus purus, aliquet at, feugiat non, pretium quis, lectus. Suspendisse potenti. In eleifend quam a odio.', 'Nullam varius. Nulla facilisi.', '#86b9be', 'DATING', '2022-01-08 23:09:47', 'Marna', '2022-11-20 14:48:39', 'Fabiano', 22, 22, 2);
insert into post (id, title, content, content_raw, hashtag, post_type, created_at, created_by, modified_at, modified_by, view, liked, user_id) values (23, 'Help Desk Operator', 'Cras pellentesque volutpat dui. Maecenas tristique, est et tempus semper, est quam pharetra magna, ac consequat metus sapien ut nunc. Vestibulum ante ipsum primis in faucibus orci luctus et ultrices posuere cubilia Curae; Mauris viverra diam vitae quam.', 'Duis ac nibh.', '#8fa4dd', 'DATING', '2021-12-31 05:32:00', 'Evyn', '2022-02-03 09:32:00', 'Ker', 23, 23, 2);
insert into post (id, title, content, content_raw, hashtag, post_type, created_at, created_by, modified_at, modified_by, view, liked, user_id) values (24, 'Human Resources Manager', 'Ut tellus. Nulla ut erat id mauris vulputate elementum.', 'Suspendisse potenti. Cras in purus eu magna vulputate luctus. Cum sociis natoque penatibus et magnis dis parturient montes, nascetur ridiculus mus.', '#c67e21', 'GOSSIP', '2022-03-27 21:34:17', 'Berty', '2022-07-13 02:32:37', 'Shannon', 24, 24, 2);
insert into post (id, title, content, content_raw, hashtag, post_type, created_at, created_by, modified_at, modified_by, view, liked, user_id) values (25, 'Office Assistant III', 'Aliquam non mauris. Morbi non lectus.', 'Proin at turpis a pede posuere nonummy. Integer non velit. Donec diam neque, vestibulum eget, vulputate ut, ultrices vel, augue.', '#8df460', 'TRIAL', '2022-07-12 13:28:58', 'Harriett', '2022-01-12 04:32:20', 'Erastus', 25, 25, 1);
insert into post (id, title, content, content_raw, hashtag, post_type, created_at, created_by, modified_at, modified_by, view, liked, user_id) values (26, 'Data Coordiator', 'Fusce consequat.', 'Nulla nisl.', '#2ab0ea', 'GOSSIP', '2022-08-05 14:55:24', 'Gallard', '2022-06-17 19:42:41', 'Perice', 26, 26, 2);
insert into post (id, title, content, content_raw, hashtag, post_type, created_at, created_by, modified_at, modified_by, view, liked, user_id) values (27, 'Senior Financial Analyst', 'Nullam porttitor lacus at turpis. Donec posuere metus vitae ipsum.', 'Morbi sem mauris, laoreet ut, rhoncus aliquet, pulvinar sed, nisl. Nunc rhoncus dui vel sem.', '#9fb73a', 'TRIAL', '2022-11-03 20:03:33', 'Hew', '2022-05-10 11:44:15', 'Donnie', 27, 27, 1);
insert into post (id, title, content, content_raw, hashtag, post_type, created_at, created_by, modified_at, modified_by, view, liked, user_id) values (28, 'Staff Scientist', 'Cras non velit nec nisi vulputate nonummy. Maecenas tincidunt lacus at velit.', 'Praesent id massa id nisl venenatis lacinia. Aenean sit amet justo.', '#435cb5', 'TRIAL', '2022-05-19 02:48:16', 'Lorelei', '2022-11-23 06:04:13', 'Michell', 28, 28, 1);
insert into post (id, title, content, content_raw, hashtag, post_type, created_at, created_by, modified_at, modified_by, view, liked, user_id) values (29, 'VP Accounting', 'Vestibulum rutrum rutrum neque. Aenean auctor gravida sem. Praesent id massa id nisl venenatis lacinia.', 'Morbi porttitor lorem id ligula. Suspendisse ornare consequat lectus.', '#5becf1', 'CONSULT', '2022-05-27 00:11:28', 'Nessy', '2022-03-03 02:24:24', 'Shelton', 29, 29, 2);
insert into post (id, title, content, content_raw, hashtag, post_type, created_at, created_by, modified_at, modified_by, view, liked, user_id) values (30, 'Health Coach I', 'Fusce congue, diam id ornare imperdiet, sapien urna pretium nisl, ut volutpat sapien arcu sed augue.', 'Donec vitae nisi.', '#67e06a', 'CONSULT', '2022-11-07 09:29:51', 'Giustino', '2022-11-21 12:07:43', 'Laurianne', 30, 30, 1);
insert into post (id, title, content, content_raw, hashtag, post_type, created_at, created_by, modified_at, modified_by, view, liked, user_id) values (31, 'Data Coordiator', 'Mauris enim leo, rhoncus sed, vestibulum sit amet, cursus id, turpis.', 'Mauris sit amet eros.', '#1bcfac', 'GOSSIP', '2022-02-16 04:17:51', 'Kanya', '2022-11-23 08:05:49', 'Gwen', 31, 31, 2);
insert into post (id, title, content, content_raw, hashtag, post_type, created_at, created_by, modified_at, modified_by, view, liked, user_id) values (32, 'Geological Engineer', 'Nulla mollis molestie lorem.', 'Curabitur gravida nisi at nibh. In hac habitasse platea dictumst.', '#c74cea', 'TRIAL', '2022-03-16 00:45:55', 'Kimbra', '2022-09-01 17:51:52', 'Vonny', 32, 32, 2);
insert into post (id, title, content, content_raw, hashtag, post_type, created_at, created_by, modified_at, modified_by, view, liked, user_id) values (33, 'Legal Assistant', 'Phasellus sit amet erat. Nulla tempus. Vivamus in felis eu sapien cursus vestibulum.', 'Nunc rhoncus dui vel sem. Sed sagittis.', '#d22df5', 'GOSSIP', '2022-03-22 10:20:44', 'Giraud', '2022-05-17 20:44:16', 'Ivory', 33, 33, 1);
insert into post (id, title, content, content_raw, hashtag, post_type, created_at, created_by, modified_at, modified_by, view, liked, user_id) values (34, 'Chief Design Engineer', 'Morbi sem mauris, laoreet ut, rhoncus aliquet, pulvinar sed, nisl. Nunc rhoncus dui vel sem.', 'Nulla justo.', '#a16d32', 'DATING', '2022-06-17 21:49:01', 'Abbot', '2022-03-14 01:31:05', 'Sibley', 34, 34, 1);
insert into post (id, title, content, content_raw, hashtag, post_type, created_at, created_by, modified_at, modified_by, view, liked, user_id) values (35, 'Pharmacist', 'Praesent lectus. Vestibulum quam sapien, varius ut, blandit non, interdum in, ante. Vestibulum ante ipsum primis in faucibus orci luctus et ultrices posuere cubilia Curae; Duis faucibus accumsan odio.', 'Vestibulum ante ipsum primis in faucibus orci luctus et ultrices posuere cubilia Curae; Duis faucibus accumsan odio. Curabitur convallis. Duis consequat dui nec nisi volutpat eleifend.', '#ac4b35', 'TRIAL', '2022-08-18 06:54:06', 'Marysa', '2022-02-13 02:04:20', 'Raddie', 35, 35, 2);
insert into post (id, title, content, content_raw, hashtag, post_type, created_at, created_by, modified_at, modified_by, view, liked, user_id) values (36, 'VP Product Management', 'Morbi ut odio. Cras mi pede, malesuada in, imperdiet et, commodo vulputate, justo. In blandit ultrices enim.', 'Maecenas leo odio, condimentum id, luctus nec, molestie sed, justo.', '#fed5c2', 'CONSULT', '2022-02-28 20:53:30', 'Loria', '2022-03-18 02:30:10', 'Merola', 36, 36, 1);
insert into post (id, title, content, content_raw, hashtag, post_type, created_at, created_by, modified_at, modified_by, view, liked, user_id) values (37, 'Recruiter', 'Donec ut mauris eget massa tempor convallis. Nulla neque libero, convallis eget, eleifend luctus, ultricies eu, nibh.', 'Donec semper sapien a libero. Nam dui. Proin leo odio, porttitor id, consequat in, consequat ut, nulla.', '#917146', 'CONSULT', '2022-10-09 14:48:05', 'Des', '2022-08-25 06:31:33', 'Sanson', 37, 37, 2);
insert into post (id, title, content, content_raw, hashtag, post_type, created_at, created_by, modified_at, modified_by, view, liked, user_id) values (38, 'Paralegal', 'Vestibulum quam sapien, varius ut, blandit non, interdum in, ante. Vestibulum ante ipsum primis in faucibus orci luctus et ultrices posuere cubilia Curae; Duis faucibus accumsan odio.', 'Vivamus vestibulum sagittis sapien. Cum sociis natoque penatibus et magnis dis parturient montes, nascetur ridiculus mus.', '#7a626c', 'DATING', '2022-07-13 02:48:05', 'Anitra', '2022-06-02 00:04:26', 'Chastity', 38, 38, 2);
insert into post (id, title, content, content_raw, hashtag, post_type, created_at, created_by, modified_at, modified_by, view, liked, user_id) values (39, 'Human Resources Manager', 'Sed vel enim sit amet nunc viverra dapibus.', 'In tempor, turpis nec euismod scelerisque, quam turpis adipiscing lorem, vitae mattis nibh ligula nec sem.', '#44978e', 'DATING', '2022-04-14 19:12:50', 'Ula', '2021-12-07 10:34:02', 'Xavier', 39, 39, 2);
insert into post (id, title, content, content_raw, hashtag, post_type, created_at, created_by, modified_at, modified_by, view, liked, user_id) values (40, 'Technical Writer', 'Nulla tellus. In sagittis dui vel nisl.', 'Fusce posuere felis sed lacus. Morbi sem mauris, laoreet ut, rhoncus aliquet, pulvinar sed, nisl.', '#88e25a', 'TRIAL', '2022-01-20 05:36:05', 'Clifford', '2022-02-13 16:52:42', 'Albina', 40, 40, 1);
insert into post (id, title, content, content_raw, hashtag, post_type, created_at, created_by, modified_at, modified_by, view, liked, user_id) values (41, 'Chief Design Engineer', 'Integer pede justo, lacinia eget, tincidunt eget, tempus vel, pede. Morbi porttitor lorem id ligula. Suspendisse ornare consequat lectus.', 'In sagittis dui vel nisl.', '#a4ec93', 'CONSULT', '2022-04-15 03:37:27', 'Manolo', '2022-08-21 15:50:47', 'Frederik', 41, 41, 1);
insert into post (id, title, content, content_raw, hashtag, post_type, created_at, created_by, modified_at, modified_by, view, liked, user_id) values (42, 'Administrative Officer', 'Duis consequat dui nec nisi volutpat eleifend. Donec ut dolor. Morbi vel lectus in quam fringilla rhoncus.', 'Curabitur gravida nisi at nibh. In hac habitasse platea dictumst.', '#b12404', 'GOSSIP', '2022-03-23 20:22:55', 'Marcile', '2022-07-31 15:13:00', 'Sharia', 42, 42, 1);
insert into post (id, title, content, content_raw, hashtag, post_type, created_at, created_by, modified_at, modified_by, view, liked, user_id) values (43, 'Environmental Tech', 'Proin risus. Praesent lectus.', 'Duis ac nibh. Fusce lacus purus, aliquet at, feugiat non, pretium quis, lectus.', '#6599ec', 'CONSULT', '2022-11-27 03:15:17', 'Genny', '2022-03-02 17:44:43', 'Elisabetta', 43, 43, 2);
insert into post (id, title, content, content_raw, hashtag, post_type, created_at, created_by, modified_at, modified_by, view, liked, user_id) values (44, 'Assistant Professor', 'Aenean sit amet justo. Morbi ut odio.', 'Mauris ullamcorper purus sit amet nulla. Quisque arcu libero, rutrum ac, lobortis vel, dapibus at, diam.', '#cba77b', 'GOSSIP', '2022-10-27 01:24:23', 'Petronella', '2022-07-29 12:27:32', 'Fredric', 44, 44, 2);
insert into post (id, title, content, content_raw, hashtag, post_type, created_at, created_by, modified_at, modified_by, view, liked, user_id) values (45, 'Sales Representative', 'Etiam faucibus cursus urna. Ut tellus.', 'Etiam vel augue. Vestibulum rutrum rutrum neque.', '#75ac20', 'CONSULT', '2022-03-18 13:15:55', 'Lyndell', '2022-04-03 13:12:39', 'Odilia', 45, 45, 1);
insert into post (id, title, content, content_raw, hashtag, post_type, created_at, created_by, modified_at, modified_by, view, liked, user_id) values (46, 'Administrative Officer', 'Suspendisse accumsan tortor quis turpis. Sed ante. Vivamus tortor.', 'Fusce posuere felis sed lacus. Morbi sem mauris, laoreet ut, rhoncus aliquet, pulvinar sed, nisl.', '#086168', 'CONSULT', '2022-06-23 05:52:41', 'Cecile', '2022-05-07 21:41:55', 'Zolly', 46, 46, 2);
insert into post (id, title, content, content_raw, hashtag, post_type, created_at, created_by, modified_at, modified_by, view, liked, user_id) values (47, 'Assistant Manager', 'Vivamus metus arcu, adipiscing molestie, hendrerit at, vulputate vitae, nisl. Aenean lectus. Pellentesque eget nunc.', 'Suspendisse accumsan tortor quis turpis.', '#6b78d9', 'CONSULT', '2022-07-12 01:44:06', 'Modesta', '2022-11-18 18:27:04', 'Glennie', 47, 47, 2);
insert into post (id, title, content, content_raw, hashtag, post_type, created_at, created_by, modified_at, modified_by, view, liked, user_id) values (48, 'Web Designer I', 'Nunc rhoncus dui vel sem.', 'Morbi a ipsum.', '#78c055', 'GOSSIP', '2022-06-10 11:03:40', 'Diane-marie', '2022-03-17 16:01:42', 'Vanni', 48, 48, 1);
insert into post (id, title, content, content_raw, hashtag, post_type, created_at, created_by, modified_at, modified_by, view, liked, user_id) values (49, 'Marketing Assistant', 'Morbi vestibulum, velit id pretium iaculis, diam erat fermentum justo, nec condimentum neque sapien placerat ante. Nulla justo.', 'Mauris sit amet eros. Suspendisse accumsan tortor quis turpis.', '#f62206', 'TRIAL', '2022-07-08 06:45:44', 'Rebeca', '2021-12-12 03:07:35', 'Marita', 49, 49, 1);
insert into post (id, title, content, content_raw, hashtag, post_type, created_at, created_by, modified_at, modified_by, view, liked, user_id) values (50, 'Assistant Media Planner', 'Sed vel enim sit amet nunc viverra dapibus.', 'Sed accumsan felis. Ut at dolor quis odio consequat varius.', '#884948', 'GOSSIP', '2022-06-02 16:10:31', 'Pauline', '2022-01-30 13:17:04', 'Claribel', 50, 50, 1);
insert into post (id, title, content, content_raw, hashtag, post_type, created_at, created_by, modified_at, modified_by, view, liked, user_id) values (51, 'Junior Executive', 'Vestibulum ac est lacinia nisi venenatis tristique.', 'Vivamus tortor. Duis mattis egestas metus. Aenean fermentum.', '#1402d2', 'CONSULT', '2022-01-26 14:21:58', 'Hugh', '2022-03-20 23:08:09', 'Antoni', 51, 51, 2);
insert into post (id, title, content, content_raw, hashtag, post_type, created_at, created_by, modified_at, modified_by, view, liked, user_id) values (52, 'Web Developer IV', 'Maecenas leo odio, condimentum id, luctus nec, molestie sed, justo.', 'Duis aliquam convallis nunc.', '#661aa8', 'CONSULT', '2022-05-09 17:13:25', 'Tiffi', '2022-05-29 02:55:34', 'Nomi', 52, 52, 1);
insert into post (id, title, content, content_raw, hashtag, post_type, created_at, created_by, modified_at, modified_by, view, liked, user_id) values (53, 'Sales Representative', 'Etiam vel augue. Vestibulum rutrum rutrum neque. Aenean auctor gravida sem.', 'Fusce posuere felis sed lacus.', '#fa9ec2', 'TRIAL', '2022-10-26 15:18:36', 'Humfrey', '2022-01-03 02:21:47', 'Genna', 53, 53, 1);
insert into post (id, title, content, content_raw, hashtag, post_type, created_at, created_by, modified_at, modified_by, view, liked, user_id) values (54, 'Research Assistant I', 'Duis ac nibh. Fusce lacus purus, aliquet at, feugiat non, pretium quis, lectus.', 'In quis justo. Maecenas rhoncus aliquam lacus. Morbi quis tortor id nulla ultrices aliquet.', '#63877f', 'TRIAL', '2022-03-08 16:54:58', 'Garald', '2022-11-07 02:50:16', 'Sylvester', 54, 54, 1);
insert into post (id, title, content, content_raw, hashtag, post_type, created_at, created_by, modified_at, modified_by, view, liked, user_id) values (55, 'Mechanical Systems Engineer', 'Morbi a ipsum.', 'Quisque porta volutpat erat.', '#9ed886', 'CONSULT', '2022-11-06 17:34:04', 'Jean', '2022-06-04 00:15:04', 'Dulce', 55, 55, 2);
insert into post (id, title, content, content_raw, hashtag, post_type, created_at, created_by, modified_at, modified_by, view, liked, user_id) values (56, 'Web Developer IV', 'Donec diam neque, vestibulum eget, vulputate ut, ultrices vel, augue. Vestibulum ante ipsum primis in faucibus orci luctus et ultrices posuere cubilia Curae; Donec pharetra, magna vestibulum aliquet ultrices, erat tortor sollicitudin mi, sit amet lobortis sapien sapien non mi. Integer ac neque.', 'Mauris enim leo, rhoncus sed, vestibulum sit amet, cursus id, turpis. Integer aliquet, massa id lobortis convallis, tortor risus dapibus augue, vel accumsan tellus nisi eu orci.', '#29b1ad', 'CONSULT', '2022-08-17 18:35:42', 'Georgia', '2022-08-04 03:11:35', 'Timmie', 56, 56, 1);
insert into post (id, title, content, content_raw, hashtag, post_type, created_at, created_by, modified_at, modified_by, view, liked, user_id) values (57, 'Quality Control Specialist', 'Morbi non quam nec dui luctus rutrum. Nulla tellus.', 'Fusce lacus purus, aliquet at, feugiat non, pretium quis, lectus.', '#34422e', 'CONSULT', '2022-08-08 18:48:13', 'Jamaal', '2021-12-18 03:12:49', 'Guss', 57, 57, 2);
insert into post (id, title, content, content_raw, hashtag, post_type, created_at, created_by, modified_at, modified_by, view, liked, user_id) values (58, 'Information Systems Manager', 'Nullam varius. Nulla facilisi. Cras non velit nec nisi vulputate nonummy.', 'Donec semper sapien a libero.', '#7b048b', 'GOSSIP', '2021-12-11 01:18:40', 'Raine', '2022-04-28 02:40:30', 'Cullin', 58, 58, 2);
insert into post (id, title, content, content_raw, hashtag, post_type, created_at, created_by, modified_at, modified_by, view, liked, user_id) values (59, 'Accounting Assistant III', 'Duis mattis egestas metus. Aenean fermentum.', 'Donec dapibus.', '#4a5548', 'TRIAL', '2022-10-30 01:10:22', 'Cleavland', '2022-04-17 17:24:35', 'Cherish', 59, 59, 2);
insert into post (id, title, content, content_raw, hashtag, post_type, created_at, created_by, modified_at, modified_by, view, liked, user_id) values (60, 'Speech Pathologist', 'In hac habitasse platea dictumst. Etiam faucibus cursus urna.', 'In blandit ultrices enim. Lorem ipsum dolor sit amet, consectetuer adipiscing elit. Proin interdum mauris non ligula pellentesque ultrices.', '#e2fc63', 'GOSSIP', '2022-01-13 20:00:44', 'Melloney', '2022-10-09 19:40:15', 'Cindi', 60, 60, 1);
insert into post (id, title, content, content_raw, hashtag, post_type, created_at, created_by, modified_at, modified_by, view, liked, user_id) values (61, 'Software Engineer IV', 'Aenean fermentum. Donec ut mauris eget massa tempor convallis. Nulla neque libero, convallis eget, eleifend luctus, ultricies eu, nibh.', 'Maecenas rhoncus aliquam lacus. Morbi quis tortor id nulla ultrices aliquet.', '#44d798', 'TRIAL', '2022-09-10 11:32:35', 'Heindrick', '2022-05-10 18:43:43', 'Roxana', 61, 61, 2);
insert into post (id, title, content, content_raw, hashtag, post_type, created_at, created_by, modified_at, modified_by, view, liked, user_id) values (62, 'Graphic Designer', 'Duis bibendum. Morbi non quam nec dui luctus rutrum. Nulla tellus.', 'Morbi vestibulum, velit id pretium iaculis, diam erat fermentum justo, nec condimentum neque sapien placerat ante. Nulla justo.', '#c15a55', 'CONSULT', '2022-08-19 07:07:45', 'Orsa', '2022-04-14 11:53:44', 'Vallie', 62, 62, 1);
insert into post (id, title, content, content_raw, hashtag, post_type, created_at, created_by, modified_at, modified_by, view, liked, user_id) values (63, 'Assistant Media Planner', 'Nam tristique tortor eu pede.', 'Nullam sit amet turpis elementum ligula vehicula consequat. Morbi a ipsum.', '#09836d', 'TRIAL', '2022-10-10 04:40:49', 'Alma', '2022-07-03 16:03:19', 'Aloisia', 63, 63, 2);
insert into post (id, title, content, content_raw, hashtag, post_type, created_at, created_by, modified_at, modified_by, view, liked, user_id) values (64, 'Cost Accountant', 'Integer a nibh. In quis justo.', 'Mauris enim leo, rhoncus sed, vestibulum sit amet, cursus id, turpis. Integer aliquet, massa id lobortis convallis, tortor risus dapibus augue, vel accumsan tellus nisi eu orci. Mauris lacinia sapien quis libero.', '#ab8689', 'TRIAL', '2022-08-09 23:17:05', 'Damian', '2022-11-17 08:24:24', 'Windy', 64, 64, 2);
insert into post (id, title, content, content_raw, hashtag, post_type, created_at, created_by, modified_at, modified_by, view, liked, user_id) values (65, 'Chief Design Engineer', 'Lorem ipsum dolor sit amet, consectetuer adipiscing elit.', 'Vestibulum quam sapien, varius ut, blandit non, interdum in, ante.', '#fea0a5', 'GOSSIP', '2022-07-04 12:10:45', 'Cacilie', '2022-04-17 14:23:50', 'Asia', 65, 65, 1);
insert into post (id, title, content, content_raw, hashtag, post_type, created_at, created_by, modified_at, modified_by, view, liked, user_id) values (66, 'Help Desk Technician', 'In tempor, turpis nec euismod scelerisque, quam turpis adipiscing lorem, vitae mattis nibh ligula nec sem. Duis aliquam convallis nunc. Proin at turpis a pede posuere nonummy.', 'Nullam varius. Nulla facilisi.', '#f5e5af', 'GOSSIP', '2022-06-02 18:06:53', 'Marina', '2022-03-08 07:05:09', 'Farra', 66, 66, 2);
insert into post (id, title, content, content_raw, hashtag, post_type, created_at, created_by, modified_at, modified_by, view, liked, user_id) values (67, 'Mechanical Systems Engineer', 'Maecenas tincidunt lacus at velit. Vivamus vel nulla eget eros elementum pellentesque. Quisque porta volutpat erat.', 'Donec quis orci eget orci vehicula condimentum. Curabitur in libero ut massa volutpat convallis.', '#b70e25', 'GOSSIP', '2022-02-20 20:35:15', 'Pippy', '2022-03-20 08:31:17', 'Ki', 67, 67, 2);
insert into post (id, title, content, content_raw, hashtag, post_type, created_at, created_by, modified_at, modified_by, view, liked, user_id) values (68, 'Quality Control Specialist', 'Morbi vel lectus in quam fringilla rhoncus. Mauris enim leo, rhoncus sed, vestibulum sit amet, cursus id, turpis.', 'Vestibulum sed magna at nunc commodo placerat.', '#ea992b', 'TRIAL', '2022-08-06 06:08:34', 'Dina', '2021-12-06 17:39:14', 'Standford', 68, 68, 1);
insert into post (id, title, content, content_raw, hashtag, post_type, created_at, created_by, modified_at, modified_by, view, liked, user_id) values (69, 'Nuclear Power Engineer', 'Cum sociis natoque penatibus et magnis dis parturient montes, nascetur ridiculus mus.', 'Nulla mollis molestie lorem. Quisque ut erat. Curabitur gravida nisi at nibh.', '#eb1f4f', 'DATING', '2022-10-07 07:21:39', 'Holly', '2022-11-24 17:51:51', 'Zacharias', 69, 69, 2);
insert into post (id, title, content, content_raw, hashtag, post_type, created_at, created_by, modified_at, modified_by, view, liked, user_id) values (70, 'Media Manager I', 'In hac habitasse platea dictumst.', 'Aliquam sit amet diam in magna bibendum imperdiet. Nullam orci pede, venenatis non, sodales sed, tincidunt eu, felis.', '#38152e', 'CONSULT', '2022-08-12 11:29:09', 'Dennison', '2022-04-09 14:33:51', 'Sydel', 70, 70, 1);
insert into post (id, title, content, content_raw, hashtag, post_type, created_at, created_by, modified_at, modified_by, view, liked, user_id) values (71, 'VP Accounting', 'Maecenas tincidunt lacus at velit.', 'Sed sagittis. Nam congue, risus semper porta volutpat, quam pede lobortis ligula, sit amet eleifend pede libero quis orci. Nullam molestie nibh in lectus.', '#63dfae', 'TRIAL', '2021-12-08 02:19:24', 'Ive', '2022-10-21 15:07:17', 'Nollie', 71, 71, 1);
insert into post (id, title, content, content_raw, hashtag, post_type, created_at, created_by, modified_at, modified_by, view, liked, user_id) values (72, 'Legal Assistant', 'Praesent blandit.', 'Quisque ut erat. Curabitur gravida nisi at nibh.', '#9f3d0c', 'DATING', '2022-09-14 10:28:14', 'Olivia', '2022-05-22 05:43:16', 'Harland', 72, 72, 1);
insert into post (id, title, content, content_raw, hashtag, post_type, created_at, created_by, modified_at, modified_by, view, liked, user_id) values (73, 'Community Outreach Specialist', 'Aenean sit amet justo. Morbi ut odio. Cras mi pede, malesuada in, imperdiet et, commodo vulputate, justo.', 'Vestibulum ante ipsum primis in faucibus orci luctus et ultrices posuere cubilia Curae; Duis faucibus accumsan odio. Curabitur convallis. Duis consequat dui nec nisi volutpat eleifend.', '#d499a3', 'GOSSIP', '2022-03-03 18:02:22', 'Devondra', '2022-06-01 10:28:33', 'Dorree', 73, 73, 1);
insert into post (id, title, content, content_raw, hashtag, post_type, created_at, created_by, modified_at, modified_by, view, liked, user_id) values (74, 'Financial Advisor', 'Vestibulum ante ipsum primis in faucibus orci luctus et ultrices posuere cubilia Curae; Mauris viverra diam vitae quam.', 'Phasellus in felis.', '#563a05', 'CONSULT', '2022-07-05 22:43:54', 'Patrice', '2022-04-27 04:30:02', 'Sharia', 74, 74, 2);
insert into post (id, title, content, content_raw, hashtag, post_type, created_at, created_by, modified_at, modified_by, view, liked, user_id) values (75, 'VP Accounting', 'Duis consequat dui nec nisi volutpat eleifend. Donec ut dolor.', 'Nam dui. Proin leo odio, porttitor id, consequat in, consequat ut, nulla. Sed accumsan felis.', '#7e6846', 'TRIAL', '2022-02-26 23:07:46', 'Moss', '2022-02-21 07:59:08', 'Benedikt', 75, 75, 2);
insert into post (id, title, content, content_raw, hashtag, post_type, created_at, created_by, modified_at, modified_by, view, liked, user_id) values (76, 'Recruiter', 'Praesent blandit. Nam nulla.', 'Proin at turpis a pede posuere nonummy.', '#da00b0', 'TRIAL', '2021-12-12 12:19:08', 'Rollie', '2022-03-26 12:07:22', 'Samson', 76, 76, 1);
insert into post (id, title, content, content_raw, hashtag, post_type, created_at, created_by, modified_at, modified_by, view, liked, user_id) values (77, 'Senior Editor', 'Lorem ipsum dolor sit amet, consectetuer adipiscing elit. Proin risus.', 'Ut at dolor quis odio consequat varius. Integer ac leo.', '#55d97d', 'GOSSIP', '2022-05-04 21:50:43', 'Elbert', '2022-11-10 14:55:18', 'Sloan', 77, 77, 2);
insert into post (id, title, content, content_raw, hashtag, post_type, created_at, created_by, modified_at, modified_by, view, liked, user_id) values (78, 'Environmental Specialist', 'Curabitur in libero ut massa volutpat convallis. Morbi odio odio, elementum eu, interdum eu, tincidunt in, leo. Maecenas pulvinar lobortis est.', 'In est risus, auctor sed, tristique in, tempus sit amet, sem. Fusce consequat. Nulla nisl.', '#11e5eb', 'CONSULT', '2022-06-01 07:09:31', 'Jenna', '2022-11-13 12:36:18', 'Fania', 78, 78, 1);
insert into post (id, title, content, content_raw, hashtag, post_type, created_at, created_by, modified_at, modified_by, view, liked, user_id) values (79, 'Biostatistician IV', 'Donec ut dolor. Morbi vel lectus in quam fringilla rhoncus.', 'Nulla ut erat id mauris vulputate elementum.', '#8ebd6b', 'CONSULT', '2022-06-26 17:35:18', 'Alia', '2022-06-29 18:18:14', 'Aleta', 79, 79, 2);
insert into post (id, title, content, content_raw, hashtag, post_type, created_at, created_by, modified_at, modified_by, view, liked, user_id) values (80, 'Senior Quality Engineer', 'Duis bibendum, felis sed interdum venenatis, turpis enim blandit mi, in porttitor pede justo eu massa.', 'Donec diam neque, vestibulum eget, vulputate ut, ultrices vel, augue. Vestibulum ante ipsum primis in faucibus orci luctus et ultrices posuere cubilia Curae; Donec pharetra, magna vestibulum aliquet ultrices, erat tortor sollicitudin mi, sit amet lobortis sapien sapien non mi. Integer ac neque.', '#9431d6', 'TRIAL', '2022-07-09 03:58:59', 'Emmey', '2022-09-28 00:28:43', 'Corilla', 80, 80, 2);
insert into post (id, title, content, content_raw, hashtag, post_type, created_at, created_by, modified_at, modified_by, view, liked, user_id) values (81, 'Account Representative I', 'Praesent blandit lacinia erat. Vestibulum sed magna at nunc commodo placerat.', 'Phasellus in felis. Donec semper sapien a libero.', '#8292a0', 'DATING', '2022-04-10 01:46:44', 'Evy', '2022-08-19 13:03:33', 'Karlens', 81, 81, 2);
insert into post (id, title, content, content_raw, hashtag, post_type, created_at, created_by, modified_at, modified_by, view, liked, user_id) values (82, 'VP Quality Control', 'Mauris lacinia sapien quis libero.', 'Maecenas ut massa quis augue luctus tincidunt. Nulla mollis molestie lorem. Quisque ut erat.', '#e658ae', 'DATING', '2022-09-25 18:56:10', 'Letti', '2022-05-18 22:07:26', 'Mathe', 82, 82, 2);
insert into post (id, title, content, content_raw, hashtag, post_type, created_at, created_by, modified_at, modified_by, view, liked, user_id) values (83, 'Dental Hygienist', 'Quisque id justo sit amet sapien dignissim vestibulum. Vestibulum ante ipsum primis in faucibus orci luctus et ultrices posuere cubilia Curae; Nulla dapibus dolor vel est. Donec odio justo, sollicitudin ut, suscipit a, feugiat et, eros.', 'Vestibulum rutrum rutrum neque.', '#d67ce6', 'DATING', '2022-11-05 05:18:42', 'Gannon', '2022-03-20 10:17:15', 'Adah', 83, 83, 2);
insert into post (id, title, content, content_raw, hashtag, post_type, created_at, created_by, modified_at, modified_by, view, liked, user_id) values (84, 'Accountant III', 'Nam dui.', 'Nulla mollis molestie lorem. Quisque ut erat. Curabitur gravida nisi at nibh.', '#84e448', 'CONSULT', '2022-10-16 22:02:22', 'Bruno', '2022-09-14 14:41:10', 'Frederick', 84, 84, 1);
insert into post (id, title, content, content_raw, hashtag, post_type, created_at, created_by, modified_at, modified_by, view, liked, user_id) values (85, 'Account Executive', 'In eleifend quam a odio. In hac habitasse platea dictumst.', 'Integer pede justo, lacinia eget, tincidunt eget, tempus vel, pede.', '#9c0b95', 'DATING', '2022-05-11 02:35:49', 'Lorenzo', '2022-09-06 20:22:03', 'Marlo', 85, 85, 1);
insert into post (id, title, content, content_raw, hashtag, post_type, created_at, created_by, modified_at, modified_by, view, liked, user_id) values (86, 'Computer Systems Analyst II', 'Nam dui.', 'Maecenas ut massa quis augue luctus tincidunt. Nulla mollis molestie lorem. Quisque ut erat.', '#705e89', 'TRIAL', '2022-06-20 09:03:24', 'Caril', '2022-06-07 07:18:55', 'Shea', 86, 86, 1);
insert into post (id, title, content, content_raw, hashtag, post_type, created_at, created_by, modified_at, modified_by, view, liked, user_id) values (87, 'Analyst Programmer', 'In congue.', 'Donec ut dolor. Morbi vel lectus in quam fringilla rhoncus.', '#70bf7f', 'TRIAL', '2022-04-17 14:07:49', 'Dorrie', '2022-04-12 07:19:25', 'Athene', 87, 87, 1);
insert into post (id, title, content, content_raw, hashtag, post_type, created_at, created_by, modified_at, modified_by, view, liked, user_id) values (88, 'Staff Accountant I', 'Duis aliquam convallis nunc.', 'Nullam molestie nibh in lectus.', '#c56cb9', 'TRIAL', '2022-08-27 04:33:53', 'Theodora', '2022-11-10 19:39:47', 'Sheba', 88, 88, 2);
insert into post (id, title, content, content_raw, hashtag, post_type, created_at, created_by, modified_at, modified_by, view, liked, user_id) values (89, 'Health Coach IV', 'Vestibulum ante ipsum primis in faucibus orci luctus et ultrices posuere cubilia Curae; Duis faucibus accumsan odio. Curabitur convallis. Duis consequat dui nec nisi volutpat eleifend.', 'Phasellus sit amet erat.', '#d25779', 'TRIAL', '2021-12-21 21:00:58', 'Georgina', '2022-06-09 02:09:06', 'Leonie', 89, 89, 2);
insert into post (id, title, content, content_raw, hashtag, post_type, created_at, created_by, modified_at, modified_by, view, liked, user_id) values (90, 'Recruiting Manager', 'Maecenas leo odio, condimentum id, luctus nec, molestie sed, justo. Pellentesque viverra pede ac diam. Cras pellentesque volutpat dui.', 'Suspendisse potenti. Nullam porttitor lacus at turpis. Donec posuere metus vitae ipsum.', '#b9b6d5', 'GOSSIP', '2022-01-29 11:57:45', 'Ollie', '2022-12-04 20:17:38', 'Serge', 90, 90, 2);
insert into post (id, title, content, content_raw, hashtag, post_type, created_at, created_by, modified_at, modified_by, view, liked, user_id) values (91, 'Technical Writer', 'Nunc rhoncus dui vel sem. Sed sagittis. Nam congue, risus semper porta volutpat, quam pede lobortis ligula, sit amet eleifend pede libero quis orci.', 'Morbi a ipsum. Integer a nibh.', '#6a9ce3', 'DATING', '2022-02-20 12:38:41', 'Avrom', '2022-04-15 10:05:10', 'Elysha', 91, 91, 2);
insert into post (id, title, content, content_raw, hashtag, post_type, created_at, created_by, modified_at, modified_by, view, liked, user_id) values (92, 'Data Coordiator', 'Quisque erat eros, viverra eget, congue eget, semper rutrum, nulla. Nunc purus.', 'Suspendisse accumsan tortor quis turpis. Sed ante. Vivamus tortor.', '#055370', 'CONSULT', '2022-09-23 11:59:42', 'Estel', '2022-05-19 04:59:07', 'Maia', 92, 92, 2);
insert into post (id, title, content, content_raw, hashtag, post_type, created_at, created_by, modified_at, modified_by, view, liked, user_id) values (93, 'Operator', 'Nulla tempus. Vivamus in felis eu sapien cursus vestibulum. Proin eu mi.', 'Vestibulum ante ipsum primis in faucibus orci luctus et ultrices posuere cubilia Curae; Donec pharetra, magna vestibulum aliquet ultrices, erat tortor sollicitudin mi, sit amet lobortis sapien sapien non mi. Integer ac neque.', '#0e43d9', 'CONSULT', '2022-11-01 13:34:26', 'Rurik', '2022-07-24 18:09:06', 'Janean', 93, 93, 1);
insert into post (id, title, content, content_raw, hashtag, post_type, created_at, created_by, modified_at, modified_by, view, liked, user_id) values (94, 'Computer Systems Analyst II', 'Integer ac neque. Duis bibendum.', 'Curabitur in libero ut massa volutpat convallis. Morbi odio odio, elementum eu, interdum eu, tincidunt in, leo. Maecenas pulvinar lobortis est.', '#4fbc2f', 'DATING', '2022-03-18 16:55:50', 'Bobbie', '2022-02-25 20:05:47', 'Gwendolin', 94, 94, 1);
insert into post (id, title, content, content_raw, hashtag, post_type, created_at, created_by, modified_at, modified_by, view, liked, user_id) values (95, 'Administrative Assistant I', 'Suspendisse ornare consequat lectus. In est risus, auctor sed, tristique in, tempus sit amet, sem.', 'Cum sociis natoque penatibus et magnis dis parturient montes, nascetur ridiculus mus. Vivamus vestibulum sagittis sapien.', '#3f85a9', 'TRIAL', '2021-12-20 18:08:35', 'Elbertine', '2021-12-27 12:42:49', 'Caryl', 95, 95, 1);
insert into post (id, title, content, content_raw, hashtag, post_type, created_at, created_by, modified_at, modified_by, view, liked, user_id) values (96, 'Human Resources Manager', 'Suspendisse ornare consequat lectus.', 'Integer tincidunt ante vel ipsum. Praesent blandit lacinia erat.', '#3538d7', 'CONSULT', '2021-12-19 15:06:27', 'Mario', '2021-12-27 11:23:05', 'Buddy', 96, 96, 1);
insert into post (id, title, content, content_raw, hashtag, post_type, created_at, created_by, modified_at, modified_by, view, liked, user_id) values (97, 'Web Designer II', 'Aenean fermentum. Donec ut mauris eget massa tempor convallis.', 'Proin at turpis a pede posuere nonummy. Integer non velit.', '#133d65', 'DATING', '2022-04-13 11:22:32', 'Antoni', '2022-04-12 12:55:19', 'Micheil', 97, 97, 2);
insert into post (id, title, content, content_raw, hashtag, post_type, created_at, created_by, modified_at, modified_by, view, liked, user_id) values (98, 'Financial Analyst', 'Praesent blandit lacinia erat. Vestibulum sed magna at nunc commodo placerat.', 'Sed accumsan felis. Ut at dolor quis odio consequat varius.', '#9f1cd7', 'TRIAL', '2022-05-28 20:35:15', 'Perkin', '2022-09-24 03:30:54', 'Ike', 98, 98, 2);
insert into post (id, title, content, content_raw, hashtag, post_type, created_at, created_by, modified_at, modified_by, view, liked, user_id) values (99, 'Geological Engineer', 'Vestibulum ante ipsum primis in faucibus orci luctus et ultrices posuere cubilia Curae; Donec pharetra, magna vestibulum aliquet ultrices, erat tortor sollicitudin mi, sit amet lobortis sapien sapien non mi. Integer ac neque.', 'Aliquam erat volutpat.', '#b9c2ef', 'CONSULT', '2022-11-29 13:15:08', 'Antoinette', '2022-10-06 23:22:52', 'Bonnee', 99, 99, 1);
insert into post (id, title, content, content_raw, hashtag, post_type, created_at, created_by, modified_at, modified_by, view, liked, user_id) values (100, 'Statistician II', 'Nunc nisl. Duis bibendum, felis sed interdum venenatis, turpis enim blandit mi, in porttitor pede justo eu massa.', 'Nulla facilisi. Cras non velit nec nisi vulputate nonummy.', '#067cb0', 'DATING', '2022-10-17 22:29:18', 'Keri', '2022-04-04 21:53:08', 'Daisy', 100, 100, 1);


insert into post_comment (id, post_id, content, created_at, created_by, modified_at, modified_by) values (1, 1, 'Vivamus vel nulla eget eros elementum pellentesque.', '2022-05-27 15:06:50', 'Tomkin', '2022-10-22 23:20:21', 'Marietta');
insert into post_comment (id, post_id, content, created_at, created_by, modified_at, modified_by) values (2, 2, 'Donec posuere metus vitae ipsum. Aliquam non mauris.', '2022-12-04 14:27:37', 'Winny', '2022-04-08 07:34:19', 'Amalia');
insert into post_comment (id, post_id, content, created_at, created_by, modified_at, modified_by) values (3, 3, 'Mauris lacinia sapien quis libero. Nullam sit amet turpis elementum ligula vehicula consequat.', '2022-06-28 01:15:42', 'Meade', '2022-04-06 06:00:10', 'Farand');
insert into post_comment (id, post_id, content, created_at, created_by, modified_at, modified_by) values (4, 4, 'Sed sagittis. Nam congue, risus semper porta volutpat, quam pede lobortis ligula, sit amet eleifend pede libero quis orci.', '2022-06-09 15:22:32', 'Cleopatra', '2022-09-22 10:17:07', 'Grissel');
insert into post_comment (id, post_id, content, created_at, created_by, modified_at, modified_by) values (5, 5, 'Proin eu mi. Nulla ac enim. In tempor, turpis nec euismod scelerisque, quam turpis adipiscing lorem, vitae mattis nibh ligula nec sem.', '2022-10-07 05:08:20', 'Hermione', '2021-12-06 12:41:07', 'Camella');
insert into post_comment (id, post_id, content, created_at, created_by, modified_at, modified_by) values (6, 6, 'Donec vitae nisi. Nam ultrices, libero non mattis pulvinar, nulla pede ullamcorper augue, a suscipit nulla elit ac nulla. Sed vel enim sit amet nunc viverra dapibus.', '2022-10-14 04:44:26', 'Sherm', '2022-07-08 12:42:46', 'Ursala');
insert into post_comment (id, post_id, content, created_at, created_by, modified_at, modified_by) values (7, 7, 'Cras in purus eu magna vulputate luctus. Cum sociis natoque penatibus et magnis dis parturient montes, nascetur ridiculus mus. Vivamus vestibulum sagittis sapien.', '2022-05-15 08:26:15', 'Lorna', '2022-10-09 23:24:56', 'Kania');
insert into post_comment (id, post_id, content, created_at, created_by, modified_at, modified_by) values (8, 8, 'Nulla tellus. In sagittis dui vel nisl. Duis ac nibh.', '2022-01-13 02:16:24', 'Celia', '2022-01-12 12:19:09', 'Prinz');
insert into post_comment (id, post_id, content, created_at, created_by, modified_at, modified_by) values (9, 9, 'Nunc nisl. Duis bibendum, felis sed interdum venenatis, turpis enim blandit mi, in porttitor pede justo eu massa.', '2022-03-01 01:14:25', 'Minni', '2022-01-24 06:23:37', 'Alfredo');
insert into post_comment (id, post_id, content, created_at, created_by, modified_at, modified_by) values (10, 10, 'Nunc rhoncus dui vel sem. Sed sagittis. Nam congue, risus semper porta volutpat, quam pede lobortis ligula, sit amet eleifend pede libero quis orci.', '2022-08-08 08:01:04', 'Bev', '2022-08-20 03:01:11', 'Sheff');
insert into post_comment (id, post_id, content, created_at, created_by, modified_at, modified_by) values (11, 11, 'Nullam molestie nibh in lectus. Pellentesque at nulla.', '2022-06-19 19:07:14', 'Essa', '2022-08-08 09:27:55', 'Olenka');
insert into post_comment (id, post_id, content, created_at, created_by, modified_at, modified_by) values (12, 12, 'Suspendisse potenti. In eleifend quam a odio.', '2022-10-20 23:16:36', 'Gaston', '2021-12-08 11:44:37', 'Norbert');
insert into post_comment (id, post_id, content, created_at, created_by, modified_at, modified_by) values (13, 13, 'Nullam varius. Nulla facilisi.', '2022-04-21 13:56:23', 'Merv', '2022-09-06 19:27:20', 'Doralynn');
insert into post_comment (id, post_id, content, created_at, created_by, modified_at, modified_by) values (14, 14, 'Duis bibendum, felis sed interdum venenatis, turpis enim blandit mi, in porttitor pede justo eu massa. Donec dapibus.', '2022-06-20 04:57:35', 'Beckie', '2022-04-16 07:33:58', 'Gery');
insert into post_comment (id, post_id, content, created_at, created_by, modified_at, modified_by) values (15, 15, 'Morbi ut odio.', '2022-07-01 18:48:30', 'Ranee', '2022-09-19 23:09:29', 'Pren');
insert into post_comment (id, post_id, content, created_at, created_by, modified_at, modified_by) values (16, 16, 'Integer pede justo, lacinia eget, tincidunt eget, tempus vel, pede.', '2022-01-05 18:16:26', 'Felic', '2022-07-23 00:31:02', 'Karyn');
insert into post_comment (id, post_id, content, created_at, created_by, modified_at, modified_by) values (17, 17, 'In blandit ultrices enim. Lorem ipsum dolor sit amet, consectetuer adipiscing elit.', '2022-08-28 06:07:39', 'Selina', '2021-12-25 14:20:49', 'Jordon');
insert into post_comment (id, post_id, content, created_at, created_by, modified_at, modified_by) values (18, 18, 'Nulla justo. Aliquam quis turpis eget elit sodales scelerisque.', '2022-01-21 09:35:09', 'Svend', '2022-05-13 20:02:16', 'Ivar');
insert into post_comment (id, post_id, content, created_at, created_by, modified_at, modified_by) values (19, 19, 'Morbi vestibulum, velit id pretium iaculis, diam erat fermentum justo, nec condimentum neque sapien placerat ante. Nulla justo. Aliquam quis turpis eget elit sodales scelerisque.', '2022-03-30 19:38:36', 'Raeann', '2022-11-17 06:48:08', 'Isa');
insert into post_comment (id, post_id, content, created_at, created_by, modified_at, modified_by) values (20, 20, 'Sed vel enim sit amet nunc viverra dapibus.', '2022-03-01 03:21:32', 'Rebeca', '2022-03-30 11:51:49', 'Wynne');
insert into post_comment (id, post_id, content, created_at, created_by, modified_at, modified_by) values (21, 21, 'Donec dapibus. Duis at velit eu est congue elementum.', '2022-03-10 00:33:09', 'Beryl', '2022-10-06 04:33:31', 'Rivi');
insert into post_comment (id, post_id, content, created_at, created_by, modified_at, modified_by) values (22, 22, 'Fusce posuere felis sed lacus.', '2022-10-03 18:16:30', 'Berton', '2022-02-15 17:57:01', 'Arlin');
insert into post_comment (id, post_id, content, created_at, created_by, modified_at, modified_by) values (23, 23, 'Vestibulum ante ipsum primis in faucibus orci luctus et ultrices posuere cubilia Curae; Nulla dapibus dolor vel est.', '2022-05-05 23:02:50', 'Kippy', '2022-10-23 20:40:56', 'Agretha');
insert into post_comment (id, post_id, content, created_at, created_by, modified_at, modified_by) values (24, 24, 'Donec vitae nisi. Nam ultrices, libero non mattis pulvinar, nulla pede ullamcorper augue, a suscipit nulla elit ac nulla. Sed vel enim sit amet nunc viverra dapibus.', '2022-07-01 21:33:59', 'Gertrude', '2022-02-20 01:58:24', 'Lyndsie');
insert into post_comment (id, post_id, content, created_at, created_by, modified_at, modified_by) values (25, 25, 'Nunc rhoncus dui vel sem. Sed sagittis. Nam congue, risus semper porta volutpat, quam pede lobortis ligula, sit amet eleifend pede libero quis orci.', '2022-07-24 20:06:19', 'Ellen', '2022-04-25 13:14:24', 'Hilary');
insert into post_comment (id, post_id, content, created_at, created_by, modified_at, modified_by) values (26, 26, 'Vestibulum rutrum rutrum neque.', '2022-08-31 08:52:25', 'Rebekah', '2022-07-27 17:20:22', 'Lorrayne');
insert into post_comment (id, post_id, content, created_at, created_by, modified_at, modified_by) values (27, 27, 'Mauris enim leo, rhoncus sed, vestibulum sit amet, cursus id, turpis. Integer aliquet, massa id lobortis convallis, tortor risus dapibus augue, vel accumsan tellus nisi eu orci. Mauris lacinia sapien quis libero.', '2022-05-23 23:32:16', 'Gabbie', '2022-07-28 09:24:08', 'Goldina');
insert into post_comment (id, post_id, content, created_at, created_by, modified_at, modified_by) values (28, 28, 'Nam nulla.', '2022-06-12 02:01:45', 'Peri', '2022-09-28 04:01:41', 'Jenn');
insert into post_comment (id, post_id, content, created_at, created_by, modified_at, modified_by) values (29, 29, 'Morbi ut odio. Cras mi pede, malesuada in, imperdiet et, commodo vulputate, justo.', '2022-04-23 15:43:23', 'Cathleen', '2022-02-05 21:41:21', 'Neilla');
insert into post_comment (id, post_id, content, created_at, created_by, modified_at, modified_by) values (30, 30, 'Aenean lectus. Pellentesque eget nunc. Donec quis orci eget orci vehicula condimentum.', '2022-06-18 16:17:41', 'Isahella', '2022-03-18 22:16:04', 'Hillary');
insert into post_comment (id, post_id, content, created_at, created_by, modified_at, modified_by) values (31, 31, 'Nunc nisl. Duis bibendum, felis sed interdum venenatis, turpis enim blandit mi, in porttitor pede justo eu massa. Donec dapibus.', '2021-12-19 01:34:46', 'Fremont', '2022-11-14 23:12:49', 'Sophie');
insert into post_comment (id, post_id, content, created_at, created_by, modified_at, modified_by) values (32, 32, 'Quisque porta volutpat erat.', '2022-05-03 14:44:10', 'Marabel', '2022-04-06 16:08:50', 'Gallard');
insert into post_comment (id, post_id, content, created_at, created_by, modified_at, modified_by) values (33, 33, 'Maecenas tristique, est et tempus semper, est quam pharetra magna, ac consequat metus sapien ut nunc. Vestibulum ante ipsum primis in faucibus orci luctus et ultrices posuere cubilia Curae; Mauris viverra diam vitae quam.', '2022-09-21 01:47:03', 'Brucie', '2022-11-29 02:00:32', 'Hersh');
insert into post_comment (id, post_id, content, created_at, created_by, modified_at, modified_by) values (34, 34, 'Fusce congue, diam id ornare imperdiet, sapien urna pretium nisl, ut volutpat sapien arcu sed augue.', '2022-02-05 18:28:45', 'Aharon', '2022-04-27 20:35:05', 'Patty');
insert into post_comment (id, post_id, content, created_at, created_by, modified_at, modified_by) values (35, 35, 'In eleifend quam a odio.', '2022-05-21 12:39:16', 'Alain', '2022-01-06 11:43:08', 'Bryana');
insert into post_comment (id, post_id, content, created_at, created_by, modified_at, modified_by) values (36, 36, 'Aenean fermentum.', '2022-09-27 11:42:57', 'Charmaine', '2021-12-28 04:20:20', 'Malia');
insert into post_comment (id, post_id, content, created_at, created_by, modified_at, modified_by) values (37, 37, 'Etiam justo. Etiam pretium iaculis justo.', '2022-08-16 23:10:51', 'Fallon', '2022-09-22 10:14:25', 'Cletis');
insert into post_comment (id, post_id, content, created_at, created_by, modified_at, modified_by) values (38, 38, 'Etiam pretium iaculis justo. In hac habitasse platea dictumst. Etiam faucibus cursus urna.', '2022-09-27 13:03:00', 'Alica', '2022-07-22 01:29:27', 'Doretta');
insert into post_comment (id, post_id, content, created_at, created_by, modified_at, modified_by) values (39, 39, 'Sed vel enim sit amet nunc viverra dapibus. Nulla suscipit ligula in lacus. Curabitur at ipsum ac tellus semper interdum.', '2022-07-18 12:23:35', 'Celinda', '2022-02-22 17:11:51', 'Heriberto');
insert into post_comment (id, post_id, content, created_at, created_by, modified_at, modified_by) values (40, 40, 'Lorem ipsum dolor sit amet, consectetuer adipiscing elit. Proin risus. Praesent lectus.', '2022-01-31 06:42:02', 'Sylvan', '2022-07-01 01:18:03', 'Court');
insert into post_comment (id, post_id, content, created_at, created_by, modified_at, modified_by) values (41, 41, 'Integer non velit. Donec diam neque, vestibulum eget, vulputate ut, ultrices vel, augue. Vestibulum ante ipsum primis in faucibus orci luctus et ultrices posuere cubilia Curae; Donec pharetra, magna vestibulum aliquet ultrices, erat tortor sollicitudin mi, sit amet lobortis sapien sapien non mi.', '2022-08-26 02:02:08', 'Zachery', '2022-03-11 23:41:49', 'Aleta');
insert into post_comment (id, post_id, content, created_at, created_by, modified_at, modified_by) values (42, 42, 'Integer ac neque. Duis bibendum. Morbi non quam nec dui luctus rutrum.', '2022-03-15 19:21:12', 'Eldredge', '2022-07-05 20:08:47', 'Clarice');
insert into post_comment (id, post_id, content, created_at, created_by, modified_at, modified_by) values (43, 43, 'In hac habitasse platea dictumst.', '2022-02-19 10:07:55', 'Denna', '2022-11-22 01:03:58', 'Mariele');
insert into post_comment (id, post_id, content, created_at, created_by, modified_at, modified_by) values (44, 44, 'Suspendisse ornare consequat lectus. In est risus, auctor sed, tristique in, tempus sit amet, sem.', '2022-03-19 14:29:01', 'Reine', '2022-09-10 00:42:05', 'Philomena');
insert into post_comment (id, post_id, content, created_at, created_by, modified_at, modified_by) values (45, 45, 'Fusce consequat. Nulla nisl. Nunc nisl.', '2022-06-01 11:44:51', 'Chickie', '2022-02-09 15:57:35', 'Jessalyn');
insert into post_comment (id, post_id, content, created_at, created_by, modified_at, modified_by) values (46, 46, 'Cras non velit nec nisi vulputate nonummy.', '2022-08-29 12:10:34', 'Inge', '2022-02-16 20:03:41', 'Blisse');
insert into post_comment (id, post_id, content, created_at, created_by, modified_at, modified_by) values (47, 47, 'Vestibulum ac est lacinia nisi venenatis tristique. Fusce congue, diam id ornare imperdiet, sapien urna pretium nisl, ut volutpat sapien arcu sed augue.', '2022-06-01 19:28:31', 'Stanislaus', '2022-08-11 13:52:02', 'Goran');
insert into post_comment (id, post_id, content, created_at, created_by, modified_at, modified_by) values (48, 48, 'Aliquam augue quam, sollicitudin vitae, consectetuer eget, rutrum at, lorem.', '2021-12-19 03:00:00', 'Tabor', '2022-04-03 22:28:43', 'Toddy');
insert into post_comment (id, post_id, content, created_at, created_by, modified_at, modified_by) values (49, 49, 'Duis aliquam convallis nunc.', '2022-06-22 01:34:20', 'Minna', '2022-08-29 10:49:36', 'Cy');
insert into post_comment (id, post_id, content, created_at, created_by, modified_at, modified_by) values (50, 50, 'Integer tincidunt ante vel ipsum. Praesent blandit lacinia erat.', '2022-01-06 00:36:52', 'Dorene', '2021-12-28 21:12:27', 'Lurline');
insert into post_comment (id, post_id, content, created_at, created_by, modified_at, modified_by) values (51, 51, 'Proin at turpis a pede posuere nonummy. Integer non velit. Donec diam neque, vestibulum eget, vulputate ut, ultrices vel, augue.', '2022-09-16 11:41:35', 'Iain', '2022-02-15 23:07:38', 'Raimundo');
insert into post_comment (id, post_id, content, created_at, created_by, modified_at, modified_by) values (52, 52, 'Duis ac nibh. Fusce lacus purus, aliquet at, feugiat non, pretium quis, lectus. Suspendisse potenti.', '2022-01-08 12:10:48', 'Iorgo', '2022-09-02 02:35:04', 'Theda');
insert into post_comment (id, post_id, content, created_at, created_by, modified_at, modified_by) values (53, 53, 'Donec semper sapien a libero. Nam dui.', '2022-04-16 11:24:56', 'Dana', '2022-02-06 17:01:26', 'Larissa');
insert into post_comment (id, post_id, content, created_at, created_by, modified_at, modified_by) values (54, 54, 'Pellentesque eget nunc. Donec quis orci eget orci vehicula condimentum. Curabitur in libero ut massa volutpat convallis.', '2022-09-30 17:15:41', 'Barnard', '2022-11-19 10:19:21', 'Julius');
insert into post_comment (id, post_id, content, created_at, created_by, modified_at, modified_by) values (55, 55, 'Integer pede justo, lacinia eget, tincidunt eget, tempus vel, pede. Morbi porttitor lorem id ligula. Suspendisse ornare consequat lectus.', '2022-02-03 19:51:42', 'Maddi', '2022-05-29 18:39:31', 'Brietta');
insert into post_comment (id, post_id, content, created_at, created_by, modified_at, modified_by) values (56, 56, 'Proin risus. Praesent lectus.', '2022-09-17 20:36:03', 'Brion', '2022-11-21 17:13:38', 'Douglas');
insert into post_comment (id, post_id, content, created_at, created_by, modified_at, modified_by) values (57, 57, 'Duis mattis egestas metus.', '2022-11-01 02:40:48', 'Carol-jean', '2022-03-22 00:51:22', 'Dela');
insert into post_comment (id, post_id, content, created_at, created_by, modified_at, modified_by) values (58, 58, 'Integer tincidunt ante vel ipsum. Praesent blandit lacinia erat.', '2022-11-10 13:11:37', 'Woodie', '2022-07-02 07:17:15', 'Catherine');
insert into post_comment (id, post_id, content, created_at, created_by, modified_at, modified_by) values (59, 59, 'Aliquam quis turpis eget elit sodales scelerisque. Mauris sit amet eros. Suspendisse accumsan tortor quis turpis.', '2022-04-01 04:23:14', 'Morrie', '2021-12-22 09:54:06', 'Golda');
insert into post_comment (id, post_id, content, created_at, created_by, modified_at, modified_by) values (60, 60, 'Donec semper sapien a libero. Nam dui.', '2022-04-20 06:55:41', 'Leonidas', '2022-04-29 05:06:40', 'Kellia');
insert into post_comment (id, post_id, content, created_at, created_by, modified_at, modified_by) values (61, 61, 'Vestibulum sed magna at nunc commodo placerat. Praesent blandit.', '2022-04-07 15:27:02', 'Basia', '2022-03-20 09:37:12', 'Reiko');
insert into post_comment (id, post_id, content, created_at, created_by, modified_at, modified_by) values (62, 62, 'Aenean auctor gravida sem.', '2022-01-27 19:35:12', 'Oberon', '2022-05-09 10:46:08', 'Worthy');
insert into post_comment (id, post_id, content, created_at, created_by, modified_at, modified_by) values (63, 63, 'Donec semper sapien a libero. Nam dui.', '2022-08-23 05:15:27', 'Andris', '2022-05-31 15:04:04', 'Shoshanna');
insert into post_comment (id, post_id, content, created_at, created_by, modified_at, modified_by) values (64, 64, 'Integer ac neque. Duis bibendum. Morbi non quam nec dui luctus rutrum.', '2022-10-13 03:15:49', 'Maxy', '2022-10-05 20:11:35', 'Raynor');
insert into post_comment (id, post_id, content, created_at, created_by, modified_at, modified_by) values (65, 65, 'Morbi quis tortor id nulla ultrices aliquet.', '2022-05-28 18:36:21', 'Pamella', '2022-02-10 02:11:39', 'Lois');
insert into post_comment (id, post_id, content, created_at, created_by, modified_at, modified_by) values (66, 66, 'Pellentesque at nulla.', '2022-01-29 18:03:41', 'Ty', '2022-11-21 02:49:10', 'Lesya');
insert into post_comment (id, post_id, content, created_at, created_by, modified_at, modified_by) values (67, 67, 'Nulla ac enim. In tempor, turpis nec euismod scelerisque, quam turpis adipiscing lorem, vitae mattis nibh ligula nec sem.', '2022-09-28 10:05:01', 'Adiana', '2022-10-12 23:10:32', 'Annabella');
insert into post_comment (id, post_id, content, created_at, created_by, modified_at, modified_by) values (68, 68, 'Donec diam neque, vestibulum eget, vulputate ut, ultrices vel, augue. Vestibulum ante ipsum primis in faucibus orci luctus et ultrices posuere cubilia Curae; Donec pharetra, magna vestibulum aliquet ultrices, erat tortor sollicitudin mi, sit amet lobortis sapien sapien non mi.', '2022-08-02 06:43:28', 'Pete', '2022-11-27 16:49:12', 'Devinne');
insert into post_comment (id, post_id, content, created_at, created_by, modified_at, modified_by) values (69, 69, 'Nunc purus. Phasellus in felis.', '2022-10-24 20:52:15', 'Corene', '2022-06-01 00:53:05', 'Maisey');
insert into post_comment (id, post_id, content, created_at, created_by, modified_at, modified_by) values (70, 70, 'Ut at dolor quis odio consequat varius. Integer ac leo. Pellentesque ultrices mattis odio.', '2022-09-12 09:00:52', 'Kenna', '2022-02-08 09:25:08', 'Jessie');
insert into post_comment (id, post_id, content, created_at, created_by, modified_at, modified_by) values (71, 71, 'Aenean fermentum. Donec ut mauris eget massa tempor convallis. Nulla neque libero, convallis eget, eleifend luctus, ultricies eu, nibh.', '2021-12-07 03:32:53', 'Jacky', '2022-09-29 01:09:48', 'Adella');
insert into post_comment (id, post_id, content, created_at, created_by, modified_at, modified_by) values (72, 72, 'Sed vel enim sit amet nunc viverra dapibus.', '2022-05-22 04:37:44', 'Spencer', '2022-03-07 08:38:35', 'Virgie');
insert into post_comment (id, post_id, content, created_at, created_by, modified_at, modified_by) values (73, 73, 'Aliquam erat volutpat.', '2022-03-26 07:47:13', 'Mildred', '2022-01-28 13:02:29', 'Nathalie');
insert into post_comment (id, post_id, content, created_at, created_by, modified_at, modified_by) values (74, 74, 'Nulla neque libero, convallis eget, eleifend luctus, ultricies eu, nibh.', '2022-09-05 03:39:08', 'Penelope', '2022-11-16 14:47:25', 'Celesta');
insert into post_comment (id, post_id, content, created_at, created_by, modified_at, modified_by) values (75, 75, 'Etiam pretium iaculis justo.', '2022-04-18 10:22:49', 'James', '2022-04-01 22:02:54', 'Cobby');
insert into post_comment (id, post_id, content, created_at, created_by, modified_at, modified_by) values (76, 76, 'Nunc rhoncus dui vel sem. Sed sagittis. Nam congue, risus semper porta volutpat, quam pede lobortis ligula, sit amet eleifend pede libero quis orci.', '2022-10-30 09:03:25', 'Jena', '2022-05-08 13:51:30', 'Frieda');
insert into post_comment (id, post_id, content, created_at, created_by, modified_at, modified_by) values (77, 77, 'Duis consequat dui nec nisi volutpat eleifend.', '2022-07-15 02:11:28', 'Timothy', '2022-03-14 10:59:24', 'Lawry');
insert into post_comment (id, post_id, content, created_at, created_by, modified_at, modified_by) values (78, 78, 'Donec posuere metus vitae ipsum. Aliquam non mauris.', '2022-04-15 19:11:32', 'Bordy', '2022-08-06 21:32:59', 'Dolli');
insert into post_comment (id, post_id, content, created_at, created_by, modified_at, modified_by) values (79, 79, 'Nullam sit amet turpis elementum ligula vehicula consequat. Morbi a ipsum.', '2022-10-29 13:19:26', 'Shaughn', '2022-09-16 21:46:07', 'Wald');
insert into post_comment (id, post_id, content, created_at, created_by, modified_at, modified_by) values (80, 80, 'Morbi non lectus. Aliquam sit amet diam in magna bibendum imperdiet. Nullam orci pede, venenatis non, sodales sed, tincidunt eu, felis.', '2022-10-07 02:01:46', 'Crystie', '2022-11-23 02:37:43', 'Leanora');
insert into post_comment (id, post_id, content, created_at, created_by, modified_at, modified_by) values (81, 81, 'Curabitur convallis. Duis consequat dui nec nisi volutpat eleifend.', '2022-07-13 20:35:59', 'Aggy', '2022-10-17 12:04:12', 'Maximo');
insert into post_comment (id, post_id, content, created_at, created_by, modified_at, modified_by) values (82, 82, 'Nulla tellus. In sagittis dui vel nisl.', '2022-05-21 16:24:37', 'Irvine', '2022-02-26 23:31:37', 'Liuka');
insert into post_comment (id, post_id, content, created_at, created_by, modified_at, modified_by) values (83, 83, 'Nulla justo. Aliquam quis turpis eget elit sodales scelerisque.', '2022-04-17 21:22:44', 'Andriette', '2022-02-08 03:21:49', 'Sula');
insert into post_comment (id, post_id, content, created_at, created_by, modified_at, modified_by) values (84, 84, 'Nullam sit amet turpis elementum ligula vehicula consequat. Morbi a ipsum.', '2022-07-16 16:33:35', 'Lisetta', '2022-05-14 02:47:24', 'Norine');
insert into post_comment (id, post_id, content, created_at, created_by, modified_at, modified_by) values (85, 85, 'Vivamus tortor. Duis mattis egestas metus. Aenean fermentum.', '2022-10-08 23:05:25', 'Connie', '2022-05-08 14:42:39', 'Moyna');
insert into post_comment (id, post_id, content, created_at, created_by, modified_at, modified_by) values (86, 86, 'Etiam faucibus cursus urna. Ut tellus. Nulla ut erat id mauris vulputate elementum.', '2022-08-21 14:53:46', 'Leslie', '2022-03-08 17:20:59', 'Emmye');
insert into post_comment (id, post_id, content, created_at, created_by, modified_at, modified_by) values (87, 87, 'Aliquam sit amet diam in magna bibendum imperdiet.', '2022-08-13 14:08:01', 'Tyne', '2022-05-15 23:10:21', 'Yelena');
insert into post_comment (id, post_id, content, created_at, created_by, modified_at, modified_by) values (88, 88, 'Aenean lectus. Pellentesque eget nunc. Donec quis orci eget orci vehicula condimentum.', '2022-10-23 18:40:26', 'Jayme', '2022-11-29 12:33:26', 'Nikolia');
insert into post_comment (id, post_id, content, created_at, created_by, modified_at, modified_by) values (89, 89, 'Integer non velit. Donec diam neque, vestibulum eget, vulputate ut, ultrices vel, augue.', '2022-07-18 07:58:45', 'Kara', '2022-04-18 21:41:58', 'Cassie');
insert into post_comment (id, post_id, content, created_at, created_by, modified_at, modified_by) values (90, 90, 'Praesent id massa id nisl venenatis lacinia. Aenean sit amet justo. Morbi ut odio.', '2022-02-15 19:16:50', 'Beitris', '2022-04-04 16:39:39', 'Anny');
insert into post_comment (id, post_id, content, created_at, created_by, modified_at, modified_by) values (91, 91, 'Sed accumsan felis.', '2022-04-03 22:09:51', 'Vanna', '2022-05-01 19:51:24', 'Arleta');
insert into post_comment (id, post_id, content, created_at, created_by, modified_at, modified_by) values (92, 92, 'Integer aliquet, massa id lobortis convallis, tortor risus dapibus augue, vel accumsan tellus nisi eu orci.', '2022-09-18 03:34:15', 'Courtney', '2021-12-23 09:58:19', 'Shanna');
insert into post_comment (id, post_id, content, created_at, created_by, modified_at, modified_by) values (93, 93, 'Aenean fermentum. Donec ut mauris eget massa tempor convallis. Nulla neque libero, convallis eget, eleifend luctus, ultricies eu, nibh.', '2022-01-11 07:25:04', 'Delmore', '2022-05-20 07:15:33', 'Jacquelyn');
insert into post_comment (id, post_id, content, created_at, created_by, modified_at, modified_by) values (94, 94, 'Integer ac leo. Pellentesque ultrices mattis odio. Donec vitae nisi.', '2022-04-29 18:40:40', 'Oliviero', '2022-02-26 10:14:17', 'Lani');
insert into post_comment (id, post_id, content, created_at, created_by, modified_at, modified_by) values (95, 95, 'Mauris enim leo, rhoncus sed, vestibulum sit amet, cursus id, turpis. Integer aliquet, massa id lobortis convallis, tortor risus dapibus augue, vel accumsan tellus nisi eu orci. Mauris lacinia sapien quis libero.', '2021-12-16 22:56:25', 'Caro', '2022-11-11 09:17:31', 'Marty');
insert into post_comment (id, post_id, content, created_at, created_by, modified_at, modified_by) values (96, 96, 'In hac habitasse platea dictumst. Morbi vestibulum, velit id pretium iaculis, diam erat fermentum justo, nec condimentum neque sapien placerat ante. Nulla justo.', '2022-08-26 00:51:02', 'Munroe', '2022-02-23 01:15:50', 'Nicol');
insert into post_comment (id, post_id, content, created_at, created_by, modified_at, modified_by) values (97, 97, 'Vestibulum rutrum rutrum neque. Aenean auctor gravida sem. Praesent id massa id nisl venenatis lacinia.', '2022-09-22 14:21:56', 'Arnie', '2022-04-12 12:37:24', 'Lanny');
insert into post_comment (id, post_id, content, created_at, created_by, modified_at, modified_by) values (98, 98, 'Duis consequat dui nec nisi volutpat eleifend. Donec ut dolor. Morbi vel lectus in quam fringilla rhoncus.', '2022-10-20 22:32:20', 'Dilly', '2022-06-01 14:40:49', 'Meridel');
insert into post_comment (id, post_id, content, created_at, created_by, modified_at, modified_by) values (99, 99, 'Aliquam erat volutpat. In congue.', '2022-05-24 02:32:25', 'Fredrika', '2022-06-01 21:01:18', 'Inness');
insert into post_comment (id, post_id, content, created_at, created_by, modified_at, modified_by) values (100, 100, 'Nulla justo.', '2021-12-22 20:41:35', 'Lida', '2022-03-20 21:04:05', 'Janeva');
insert into post_comment (id, post_id, content, created_at, created_by, modified_at, modified_by) values (101, 1, 'Nulla justo.', '2021-12-22 20:41:35', 'Lida', '2022-03-20 21:04:05', 'Janeva');
