insert into user_account(id, email, password, username) values(1, 'vanille@gmail.com', '{noop}pw', 'vanille');
insert into user_account(id, email, password, username) values(2, 'vanille2@gmail.com', '{noop}pw', 'vanille2');

insert into post (id, title, content, content_raw, post_type, created_at, created_by, modified_at, modified_by, view, liked, user_id) values (1, 'Geologist II', 'Vestibulum sed magna at nunc commodo placerat.', 'Mauris lacinia sapien quis libero. Nullam sit amet turpis elementum ligula vehicula consequat. Morbi a ipsum.', 'TRIAL', '2022-07-08 12:53:35', 'Eldin', '2022-10-31 08:00:31', 'Jolie', 1, 1, 1);
insert into post (id, title, content, content_raw, post_type, created_at, created_by, modified_at, modified_by, view, liked, user_id) values (2, 'Help Desk Technician', 'Suspendisse potenti. Nullam porttitor lacus at turpis. Donec posuere metus vitae ipsum.', 'Mauris ullamcorper purus sit amet nulla.', 'TRIAL', '2022-08-15 06:48:24', 'Philippa', '2022-04-10 23:52:33', 'Baxter', 2, 2, 2);
insert into post (id, title, content, content_raw, post_type, created_at, created_by, modified_at, modified_by, view, liked, user_id) values (3, 'Engineer I', 'Lorem ipsum dolor sit amet, consectetuer adipiscing elit. Proin interdum mauris non ligula pellentesque ultrices.', 'Duis at velit eu est congue elementum. In hac habitasse platea dictumst. Morbi vestibulum, velit id pretium iaculis, diam erat fermentum justo, nec condimentum neque sapien placerat ante.', 'GOSSIP', '2022-04-05 09:15:25', 'Berton', '2022-06-08 11:00:39', 'Julia', 3, 3, 1);
insert into post (id, title, content, content_raw, post_type, created_at, created_by, modified_at, modified_by, view, liked, user_id) values (4, 'Food Chemist', 'Maecenas tristique, est et tempus semper, est quam pharetra magna, ac consequat metus sapien ut nunc.', 'Quisque id justo sit amet sapien dignissim vestibulum. Vestibulum ante ipsum primis in faucibus orci luctus et ultrices posuere cubilia Curae; Nulla dapibus dolor vel est.', 'GOSSIP', '2022-01-03 16:53:10', 'Bordie', '2022-07-02 22:41:49', 'Kenneth', 4, 4, 1);
insert into post (id, title, content, content_raw, post_type, created_at, created_by, modified_at, modified_by, view, liked, user_id) values (5, 'Web Designer II', 'Nulla tempus. Vivamus in felis eu sapien cursus vestibulum. Proin eu mi.', 'Proin at turpis a pede posuere nonummy. Integer non velit. Donec diam neque, vestibulum eget, vulputate ut, ultrices vel, augue.', 'TRIAL', '2022-06-27 18:41:29', 'Dulcy', '2022-04-26 22:34:24', 'Maible', 5, 5, 1);
insert into post (id, title, content, content_raw, post_type, created_at, created_by, modified_at, modified_by, view, liked, user_id) values (6, 'Statistician IV', 'Nulla ut erat id mauris vulputate elementum. Nullam varius.', 'Mauris ullamcorper purus sit amet nulla.', 'DATING', '2022-02-03 04:57:26', 'Nettie', '2022-09-04 05:18:18', 'Mariquilla', 6, 6, 2);
insert into post (id, title, content, content_raw, post_type, created_at, created_by, modified_at, modified_by, view, liked, user_id) values (7, 'Operator', 'Morbi vestibulum, velit id pretium iaculis, diam erat fermentum justo, nec condimentum neque sapien placerat ante. Nulla justo. Aliquam quis turpis eget elit sodales scelerisque.', 'Nulla tempus. Vivamus in felis eu sapien cursus vestibulum.', 'CONSULT', '2022-08-13 05:19:42', 'Ruddy', '2022-10-16 00:30:14', 'Brig', 7, 7, 1);
insert into post (id, title, content, content_raw, post_type, created_at, created_by, modified_at, modified_by, view, liked, user_id) values (8, 'Community Outreach Specialist', 'Quisque erat eros, viverra eget, congue eget, semper rutrum, nulla.', 'Sed sagittis. Nam congue, risus semper porta volutpat, quam pede lobortis ligula, sit amet eleifend pede libero quis orci.', 'GOSSIP', '2022-05-12 15:13:08', 'Tammy', '2022-11-14 13:45:15', 'Brant', 8, 8, 2);
insert into post (id, title, content, content_raw, post_type, created_at, created_by, modified_at, modified_by, view, liked, user_id) values (9, 'Web Designer III', 'Donec vitae nisi. Nam ultrices, libero non mattis pulvinar, nulla pede ullamcorper augue, a suscipit nulla elit ac nulla.', 'Nulla tempus.', 'GOSSIP', '2022-06-19 00:30:17', 'Dane', '2021-12-15 18:24:25', 'Chrissie', 9, 9, 2);
insert into post (id, title, content, content_raw, post_type, created_at, created_by, modified_at, modified_by, view, liked, user_id) values (10, 'Recruiter', 'Vivamus tortor. Duis mattis egestas metus.', 'In sagittis dui vel nisl. Duis ac nibh.', 'DATING', '2022-05-12 00:15:28', 'Cad', '2022-07-06 00:01:22', 'Abie', 10, 10, 2);
insert into post (id, title, content, content_raw, post_type, created_at, created_by, modified_at, modified_by, view, liked, user_id) values (11, 'Systems Administrator III', 'Phasellus id sapien in sapien iaculis congue. Vivamus metus arcu, adipiscing molestie, hendrerit at, vulputate vitae, nisl. Aenean lectus.', 'Nulla facilisi. Cras non velit nec nisi vulputate nonummy.', 'GOSSIP', '2022-03-30 01:15:47', 'Carlita', '2022-08-29 02:08:21', 'Aidan', 11, 11, 2);
insert into post (id, title, content, content_raw, post_type, created_at, created_by, modified_at, modified_by, view, liked, user_id) values (12, 'Senior Editor', 'Lorem ipsum dolor sit amet, consectetuer adipiscing elit. Proin risus.', 'Nulla mollis molestie lorem. Quisque ut erat.', 'DATING', '2022-10-17 18:14:48', 'Harris', '2022-01-21 12:01:31', 'Friedrick', 12, 12, 2);
insert into post (id, title, content, content_raw, post_type, created_at, created_by, modified_at, modified_by, view, liked, user_id) values (13, 'Marketing Manager', 'In tempor, turpis nec euismod scelerisque, quam turpis adipiscing lorem, vitae mattis nibh ligula nec sem. Duis aliquam convallis nunc.', 'In eleifend quam a odio. In hac habitasse platea dictumst. Maecenas ut massa quis augue luctus tincidunt.', 'DATING', '2022-01-22 04:02:52', 'Renate', '2022-06-28 09:58:46', 'Kendra', 13, 13, 2);
insert into post (id, title, content, content_raw, post_type, created_at, created_by, modified_at, modified_by, view, liked, user_id) values (14, 'Desktop Support Technician', 'Praesent id massa id nisl venenatis lacinia. Aenean sit amet justo. Morbi ut odio.', 'Vestibulum ante ipsum primis in faucibus orci luctus et ultrices posuere cubilia Curae; Donec pharetra, magna vestibulum aliquet ultrices, erat tortor sollicitudin mi, sit amet lobortis sapien sapien non mi. Integer ac neque.', 'GOSSIP', '2022-12-03 16:16:45', 'Austen', '2022-07-23 23:53:19', 'Sascha', 14, 14, 1);
insert into post (id, title, content, content_raw, post_type, created_at, created_by, modified_at, modified_by, view, liked, user_id) values (15, 'Geological Engineer', 'Duis bibendum, felis sed interdum venenatis, turpis enim blandit mi, in porttitor pede justo eu massa.', 'Donec odio justo, sollicitudin ut, suscipit a, feugiat et, eros. Vestibulum ac est lacinia nisi venenatis tristique.', 'TRIAL', '2022-04-06 16:00:11', 'Tanya', '2022-03-27 11:49:39', 'Binny', 15, 15, 1);
insert into post (id, title, content, content_raw, post_type, created_at, created_by, modified_at, modified_by, view, liked, user_id) values (16, 'Design Engineer', 'Donec dapibus. Duis at velit eu est congue elementum. In hac habitasse platea dictumst.', 'In hac habitasse platea dictumst.', 'GOSSIP', '2022-10-26 03:08:25', 'Lenka', '2022-11-18 14:09:53', 'Xavier', 16, 16, 1);
insert into post (id, title, content, content_raw, post_type, created_at, created_by, modified_at, modified_by, view, liked, user_id) values (17, 'Human Resources Manager', 'Aliquam non mauris.', 'Nullam porttitor lacus at turpis.', 'DATING', '2022-03-08 13:00:31', 'Stirling', '2022-08-26 20:57:34', 'Dominica', 17, 17, 2);
insert into post (id, title, content, content_raw, post_type, created_at, created_by, modified_at, modified_by, view, liked, user_id) values (18, 'Senior Cost Accountant', 'Donec odio justo, sollicitudin ut, suscipit a, feugiat et, eros. Vestibulum ac est lacinia nisi venenatis tristique.', 'Integer pede justo, lacinia eget, tincidunt eget, tempus vel, pede.', 'CONSULT', '2022-06-29 00:17:21', 'Laura', '2022-08-21 18:16:00', 'Keriann', 18, 18, 1);
insert into post (id, title, content, content_raw, post_type, created_at, created_by, modified_at, modified_by, view, liked, user_id) values (19, 'Graphic Designer', 'Maecenas tincidunt lacus at velit. Vivamus vel nulla eget eros elementum pellentesque.', 'Phasellus id sapien in sapien iaculis congue. Vivamus metus arcu, adipiscing molestie, hendrerit at, vulputate vitae, nisl.', 'GOSSIP', '2022-10-04 06:38:41', 'Rubetta', '2022-07-29 17:02:43', 'Mathew', 19, 19, 1);
insert into post (id, title, content, content_raw, post_type, created_at, created_by, modified_at, modified_by, view, liked, user_id) values (20, 'Systems Administrator I', 'Maecenas tincidunt lacus at velit. Vivamus vel nulla eget eros elementum pellentesque.', 'Integer pede justo, lacinia eget, tincidunt eget, tempus vel, pede.', 'DATING', '2022-07-18 20:13:22', 'Annabel', '2022-03-12 05:55:34', 'Marsiella', 20, 20, 2);
insert into post (id, title, content, content_raw, post_type, created_at, created_by, modified_at, modified_by, view, liked, user_id) values (21, 'Senior Sales Associate', 'Integer non velit. Donec diam neque, vestibulum eget, vulputate ut, ultrices vel, augue. Vestibulum ante ipsum primis in faucibus orci luctus et ultrices posuere cubilia Curae; Donec pharetra, magna vestibulum aliquet ultrices, erat tortor sollicitudin mi, sit amet lobortis sapien sapien non mi.', 'Nulla facilisi. Cras non velit nec nisi vulputate nonummy. Maecenas tincidunt lacus at velit.', 'GOSSIP', '2022-03-26 22:54:32', 'Larry', '2022-04-10 11:20:12', 'Tabb', 21, 21, 2);
insert into post (id, title, content, content_raw, post_type, created_at, created_by, modified_at, modified_by, view, liked, user_id) values (22, 'Sales Representative', 'Praesent blandit lacinia erat. Vestibulum sed magna at nunc commodo placerat. Praesent blandit.', 'Cras non velit nec nisi vulputate nonummy.', 'CONSULT', '2022-07-24 21:45:36', 'Ambrosio', '2022-04-14 07:04:49', 'Berk', 22, 22, 2);
insert into post (id, title, content, content_raw, post_type, created_at, created_by, modified_at, modified_by, view, liked, user_id) values (23, 'Systems Administrator III', 'Nulla ac enim. In tempor, turpis nec euismod scelerisque, quam turpis adipiscing lorem, vitae mattis nibh ligula nec sem. Duis aliquam convallis nunc.', 'Quisque ut erat. Curabitur gravida nisi at nibh.', 'CONSULT', '2022-03-26 02:23:03', 'Rhianon', '2022-09-05 23:07:49', 'Jazmin', 23, 23, 1);
insert into post (id, title, content, content_raw, post_type, created_at, created_by, modified_at, modified_by, view, liked, user_id) values (24, 'Internal Auditor', 'Vestibulum quam sapien, varius ut, blandit non, interdum in, ante. Vestibulum ante ipsum primis in faucibus orci luctus et ultrices posuere cubilia Curae; Duis faucibus accumsan odio. Curabitur convallis.', 'Vivamus in felis eu sapien cursus vestibulum. Proin eu mi.', 'CONSULT', '2022-08-27 14:57:45', 'Stefan', '2022-10-18 22:52:52', 'Terence', 24, 24, 1);
insert into post (id, title, content, content_raw, post_type, created_at, created_by, modified_at, modified_by, view, liked, user_id) values (25, 'Developer I', 'Maecenas ut massa quis augue luctus tincidunt.', 'Pellentesque viverra pede ac diam.', 'DATING', '2022-01-02 08:10:34', 'Nial', '2022-06-24 03:30:48', 'Ber', 25, 25, 2);
insert into post (id, title, content, content_raw, post_type, created_at, created_by, modified_at, modified_by, view, liked, user_id) values (26, 'Geological Engineer', 'Fusce posuere felis sed lacus. Morbi sem mauris, laoreet ut, rhoncus aliquet, pulvinar sed, nisl. Nunc rhoncus dui vel sem.', 'Nulla ut erat id mauris vulputate elementum. Nullam varius.', 'GOSSIP', '2022-10-29 19:06:53', 'Linc', '2022-06-27 03:41:00', 'Mathilde', 26, 26, 2);
insert into post (id, title, content, content_raw, post_type, created_at, created_by, modified_at, modified_by, view, liked, user_id) values (27, 'Quality Engineer', 'Cum sociis natoque penatibus et magnis dis parturient montes, nascetur ridiculus mus.', 'Vivamus vel nulla eget eros elementum pellentesque.', 'CONSULT', '2022-11-05 19:05:07', 'Alisha', '2022-02-10 14:08:28', 'Kahaleel', 27, 27, 2);
insert into post (id, title, content, content_raw, post_type, created_at, created_by, modified_at, modified_by, view, liked, user_id) values (28, 'Web Developer IV', 'Lorem ipsum dolor sit amet, consectetuer adipiscing elit.', 'Ut at dolor quis odio consequat varius. Integer ac leo. Pellentesque ultrices mattis odio.', 'DATING', '2022-05-23 22:55:11', 'Meier', '2022-04-27 00:03:47', 'Beverie', 28, 28, 2);
insert into post (id, title, content, content_raw, post_type, created_at, created_by, modified_at, modified_by, view, liked, user_id) values (29, 'Developer II', 'Maecenas leo odio, condimentum id, luctus nec, molestie sed, justo. Pellentesque viverra pede ac diam.', 'Nulla mollis molestie lorem. Quisque ut erat. Curabitur gravida nisi at nibh.', 'CONSULT', '2022-06-29 00:11:22', 'Teodoor', '2022-06-15 19:31:13', 'Katalin', 29, 29, 2);
insert into post (id, title, content, content_raw, post_type, created_at, created_by, modified_at, modified_by, view, liked, user_id) values (30, 'Chemical Engineer', 'Fusce congue, diam id ornare imperdiet, sapien urna pretium nisl, ut volutpat sapien arcu sed augue. Aliquam erat volutpat. In congue.', 'In sagittis dui vel nisl. Duis ac nibh.', 'CONSULT', '2022-07-19 21:14:58', 'Heidie', '2022-07-27 17:53:04', 'Gale', 30, 30, 2);
insert into post (id, title, content, content_raw, post_type, created_at, created_by, modified_at, modified_by, view, liked, user_id) values (31, 'Chief Design Engineer', 'Nam dui.', 'Nulla suscipit ligula in lacus.', 'DATING', '2022-07-01 15:19:01', 'Alasteir', '2021-12-09 04:56:56', 'Cathi', 31, 31, 1);
insert into post (id, title, content, content_raw, post_type, created_at, created_by, modified_at, modified_by, view, liked, user_id) values (32, 'GIS Technical Architect', 'Duis bibendum. Morbi non quam nec dui luctus rutrum.', 'Sed accumsan felis.', 'CONSULT', '2022-05-28 08:41:28', 'Donna', '2022-01-10 23:15:58', 'Audrie', 32, 32, 1);
insert into post (id, title, content, content_raw, post_type, created_at, created_by, modified_at, modified_by, view, liked, user_id) values (33, 'Senior Sales Associate', 'Integer aliquet, massa id lobortis convallis, tortor risus dapibus augue, vel accumsan tellus nisi eu orci. Mauris lacinia sapien quis libero.', 'In congue.', 'CONSULT', '2022-05-27 12:11:24', 'Lauraine', '2022-07-23 06:41:38', 'Halie', 33, 33, 1);
insert into post (id, title, content, content_raw, post_type, created_at, created_by, modified_at, modified_by, view, liked, user_id) values (34, 'Actuary', 'Aliquam augue quam, sollicitudin vitae, consectetuer eget, rutrum at, lorem. Integer tincidunt ante vel ipsum.', 'Curabitur in libero ut massa volutpat convallis.', 'TRIAL', '2022-05-27 08:10:51', 'Delcine', '2022-01-08 10:15:25', 'Gregg', 34, 34, 2);
insert into post (id, title, content, content_raw, post_type, created_at, created_by, modified_at, modified_by, view, liked, user_id) values (35, 'Structural Engineer', 'Donec ut mauris eget massa tempor convallis. Nulla neque libero, convallis eget, eleifend luctus, ultricies eu, nibh. Quisque id justo sit amet sapien dignissim vestibulum.', 'Integer aliquet, massa id lobortis convallis, tortor risus dapibus augue, vel accumsan tellus nisi eu orci.', 'CONSULT', '2022-09-22 10:34:17', 'Francisco', '2022-06-23 14:31:45', 'Nessa', 35, 35, 2);
insert into post (id, title, content, content_raw, post_type, created_at, created_by, modified_at, modified_by, view, liked, user_id) values (36, 'Senior Financial Analyst', 'Vestibulum ac est lacinia nisi venenatis tristique. Fusce congue, diam id ornare imperdiet, sapien urna pretium nisl, ut volutpat sapien arcu sed augue.', 'Proin leo odio, porttitor id, consequat in, consequat ut, nulla.', 'DATING', '2021-12-21 01:45:52', 'Karl', '2022-12-04 00:47:03', 'Melanie', 36, 36, 1);
insert into post (id, title, content, content_raw, post_type, created_at, created_by, modified_at, modified_by, view, liked, user_id) values (37, 'Web Developer I', 'Nullam molestie nibh in lectus. Pellentesque at nulla.', 'Phasellus sit amet erat.', 'CONSULT', '2021-12-14 07:01:07', 'Lanae', '2022-05-25 22:09:13', 'Carree', 37, 37, 2);
insert into post (id, title, content, content_raw, post_type, created_at, created_by, modified_at, modified_by, view, liked, user_id) values (38, 'Senior Sales Associate', 'Phasellus in felis. Donec semper sapien a libero.', 'Maecenas rhoncus aliquam lacus.', 'TRIAL', '2022-06-25 04:29:41', 'Phip', '2022-08-06 21:48:58', 'Van', 38, 38, 1);
insert into post (id, title, content, content_raw, post_type, created_at, created_by, modified_at, modified_by, view, liked, user_id) values (39, 'Media Manager II', 'Nulla neque libero, convallis eget, eleifend luctus, ultricies eu, nibh. Quisque id justo sit amet sapien dignissim vestibulum.', 'Integer tincidunt ante vel ipsum. Praesent blandit lacinia erat. Vestibulum sed magna at nunc commodo placerat.', 'GOSSIP', '2022-07-25 02:37:59', 'Carey', '2022-01-05 00:00:34', 'Andris', 39, 39, 1);
insert into post (id, title, content, content_raw, post_type, created_at, created_by, modified_at, modified_by, view, liked, user_id) values (40, 'Chief Design Engineer', 'Vestibulum ante ipsum primis in faucibus orci luctus et ultrices posuere cubilia Curae; Donec pharetra, magna vestibulum aliquet ultrices, erat tortor sollicitudin mi, sit amet lobortis sapien sapien non mi. Integer ac neque. Duis bibendum.', 'Sed vel enim sit amet nunc viverra dapibus. Nulla suscipit ligula in lacus.', 'DATING', '2021-12-20 05:00:29', 'Jillayne', '2022-07-10 14:58:11', 'Heddi', 40, 40, 1);
insert into post (id, title, content, content_raw, post_type, created_at, created_by, modified_at, modified_by, view, liked, user_id) values (41, 'General Manager', 'Pellentesque ultrices mattis odio.', 'Aliquam quis turpis eget elit sodales scelerisque.', 'DATING', '2022-06-23 14:09:40', 'Wenonah', '2022-04-20 13:31:27', 'Meredith', 41, 41, 1);
insert into post (id, title, content, content_raw, post_type, created_at, created_by, modified_at, modified_by, view, liked, user_id) values (42, 'Food Chemist', 'Nulla tellus. In sagittis dui vel nisl.', 'Aenean lectus.', 'DATING', '2022-05-08 17:26:28', 'Gwyneth', '2022-01-19 06:27:17', 'Maurise', 42, 42, 2);
insert into post (id, title, content, content_raw, post_type, created_at, created_by, modified_at, modified_by, view, liked, user_id) values (43, 'Information Systems Manager', 'Fusce posuere felis sed lacus. Morbi sem mauris, laoreet ut, rhoncus aliquet, pulvinar sed, nisl. Nunc rhoncus dui vel sem.', 'Nullam orci pede, venenatis non, sodales sed, tincidunt eu, felis. Fusce posuere felis sed lacus.', 'DATING', '2022-08-11 21:11:49', 'Shel', '2022-03-27 16:19:33', 'Matthus', 43, 43, 1);
insert into post (id, title, content, content_raw, post_type, created_at, created_by, modified_at, modified_by, view, liked, user_id) values (44, 'Analyst Programmer', 'Nam dui.', 'Nam congue, risus semper porta volutpat, quam pede lobortis ligula, sit amet eleifend pede libero quis orci. Nullam molestie nibh in lectus.', 'DATING', '2022-08-26 12:31:12', 'Gene', '2022-09-24 13:26:07', 'Sioux', 44, 44, 2);
insert into post (id, title, content, content_raw, post_type, created_at, created_by, modified_at, modified_by, view, liked, user_id) values (45, 'Senior Editor', 'Proin interdum mauris non ligula pellentesque ultrices. Phasellus id sapien in sapien iaculis congue.', 'Sed accumsan felis.', 'CONSULT', '2022-02-15 04:19:23', 'Fergus', '2022-08-30 16:10:34', 'Nappy', 45, 45, 1);
insert into post (id, title, content, content_raw, post_type, created_at, created_by, modified_at, modified_by, view, liked, user_id) values (46, 'Statistician I', 'Cum sociis natoque penatibus et magnis dis parturient montes, nascetur ridiculus mus. Etiam vel augue. Vestibulum rutrum rutrum neque.', 'Mauris enim leo, rhoncus sed, vestibulum sit amet, cursus id, turpis. Integer aliquet, massa id lobortis convallis, tortor risus dapibus augue, vel accumsan tellus nisi eu orci.', 'GOSSIP', '2022-10-13 06:01:01', 'Hyman', '2022-08-16 04:21:13', 'Alisander', 46, 46, 1);
insert into post (id, title, content, content_raw, post_type, created_at, created_by, modified_at, modified_by, view, liked, user_id) values (47, 'GIS Technical Architect', 'Nullam varius. Nulla facilisi.', 'Quisque porta volutpat erat. Quisque erat eros, viverra eget, congue eget, semper rutrum, nulla.', 'GOSSIP', '2022-03-03 11:24:33', 'Bobina', '2022-10-09 12:46:51', 'Clive', 47, 47, 1);
insert into post (id, title, content, content_raw, post_type, created_at, created_by, modified_at, modified_by, view, liked, user_id) values (48, 'Office Assistant III', 'Donec ut dolor.', 'Nullam molestie nibh in lectus. Pellentesque at nulla. Suspendisse potenti.', 'CONSULT', '2022-08-26 23:04:22', 'Symon', '2022-10-27 12:08:41', 'Roley', 48, 48, 2);
insert into post (id, title, content, content_raw, post_type, created_at, created_by, modified_at, modified_by, view, liked, user_id) values (49, 'Data Coordiator', 'Proin at turpis a pede posuere nonummy. Integer non velit. Donec diam neque, vestibulum eget, vulputate ut, ultrices vel, augue.', 'Duis mattis egestas metus. Aenean fermentum. Donec ut mauris eget massa tempor convallis.', 'DATING', '2022-04-17 06:57:20', 'Francyne', '2022-07-21 15:36:05', 'Chaim', 49, 49, 1);
insert into post (id, title, content, content_raw, post_type, created_at, created_by, modified_at, modified_by, view, liked, user_id) values (50, 'Research Assistant I', 'Proin risus. Praesent lectus.', 'Aliquam erat volutpat. In congue. Etiam justo.', 'DATING', '2022-09-01 14:16:23', 'Dacey', '2022-06-20 21:59:35', 'Camey', 50, 50, 2);
insert into post (id, title, content, content_raw, post_type, created_at, created_by, modified_at, modified_by, view, liked, user_id) values (51, 'Software Consultant', 'Etiam pretium iaculis justo.', 'Vestibulum ante ipsum primis in faucibus orci luctus et ultrices posuere cubilia Curae; Nulla dapibus dolor vel est. Donec odio justo, sollicitudin ut, suscipit a, feugiat et, eros.', 'DATING', '2022-08-06 00:27:59', 'Ilise', '2022-07-09 09:24:35', 'Kalvin', 51, 51, 1);
insert into post (id, title, content, content_raw, post_type, created_at, created_by, modified_at, modified_by, view, liked, user_id) values (52, 'Technical Writer', 'Etiam vel augue.', 'Mauris ullamcorper purus sit amet nulla. Quisque arcu libero, rutrum ac, lobortis vel, dapibus at, diam. Nam tristique tortor eu pede.', 'GOSSIP', '2022-07-23 01:58:47', 'Charlean', '2022-08-08 21:29:51', 'Tomasina', 52, 52, 2);
insert into post (id, title, content, content_raw, post_type, created_at, created_by, modified_at, modified_by, view, liked, user_id) values (53, 'Electrical Engineer', 'Integer non velit. Donec diam neque, vestibulum eget, vulputate ut, ultrices vel, augue.', 'Praesent lectus. Vestibulum quam sapien, varius ut, blandit non, interdum in, ante.', 'TRIAL', '2022-11-16 21:30:01', 'Natalya', '2022-09-30 08:53:46', 'Roxanna', 53, 53, 2);
insert into post (id, title, content, content_raw, post_type, created_at, created_by, modified_at, modified_by, view, liked, user_id) values (54, 'Research Nurse', 'Nam congue, risus semper porta volutpat, quam pede lobortis ligula, sit amet eleifend pede libero quis orci. Nullam molestie nibh in lectus.', 'Duis mattis egestas metus. Aenean fermentum.', 'CONSULT', '2022-05-01 21:50:15', 'Maxwell', '2022-08-07 23:09:21', 'Paloma', 54, 54, 2);
insert into post (id, title, content, content_raw, post_type, created_at, created_by, modified_at, modified_by, view, liked, user_id) values (55, 'Help Desk Operator', 'Donec semper sapien a libero. Nam dui. Proin leo odio, porttitor id, consequat in, consequat ut, nulla.', 'Curabitur in libero ut massa volutpat convallis. Morbi odio odio, elementum eu, interdum eu, tincidunt in, leo.', 'GOSSIP', '2022-06-08 21:34:56', 'Jemmie', '2021-12-21 18:04:11', 'Nels', 55, 55, 2);
insert into post (id, title, content, content_raw, post_type, created_at, created_by, modified_at, modified_by, view, liked, user_id) values (56, 'Web Designer II', 'Vivamus vel nulla eget eros elementum pellentesque. Quisque porta volutpat erat.', 'Vivamus tortor. Duis mattis egestas metus.', 'DATING', '2021-12-09 03:36:02', 'Emlynn', '2022-01-08 03:53:10', 'Zaccaria', 56, 56, 2);
insert into post (id, title, content, content_raw, post_type, created_at, created_by, modified_at, modified_by, view, liked, user_id) values (57, 'Financial Analyst', 'Morbi a ipsum. Integer a nibh. In quis justo.', 'Praesent id massa id nisl venenatis lacinia.', 'TRIAL', '2022-08-26 18:29:34', 'Kenny', '2022-05-25 20:23:10', 'Rosamond', 57, 57, 2);
insert into post (id, title, content, content_raw, post_type, created_at, created_by, modified_at, modified_by, view, liked, user_id) values (58, 'Biostatistician I', 'Vestibulum ante ipsum primis in faucibus orci luctus et ultrices posuere cubilia Curae; Donec pharetra, magna vestibulum aliquet ultrices, erat tortor sollicitudin mi, sit amet lobortis sapien sapien non mi. Integer ac neque.', 'Suspendisse ornare consequat lectus. In est risus, auctor sed, tristique in, tempus sit amet, sem.', 'GOSSIP', '2022-08-08 19:29:34', 'Merrili', '2022-09-21 10:49:07', 'Ashien', 58, 58, 1);
insert into post (id, title, content, content_raw, post_type, created_at, created_by, modified_at, modified_by, view, liked, user_id) values (59, 'Senior Quality Engineer', 'Sed vel enim sit amet nunc viverra dapibus.', 'Curabitur gravida nisi at nibh. In hac habitasse platea dictumst.', 'DATING', '2022-06-29 18:05:23', 'Lucien', '2022-10-16 13:29:04', 'Tiffani', 59, 59, 1);
insert into post (id, title, content, content_raw, post_type, created_at, created_by, modified_at, modified_by, view, liked, user_id) values (60, 'Nurse Practicioner', 'Duis mattis egestas metus. Aenean fermentum.', 'Vivamus vel nulla eget eros elementum pellentesque. Quisque porta volutpat erat. Quisque erat eros, viverra eget, congue eget, semper rutrum, nulla.', 'TRIAL', '2022-10-09 16:42:17', 'Millie', '2022-06-09 07:59:06', 'Ashlee', 60, 60, 1);
insert into post (id, title, content, content_raw, post_type, created_at, created_by, modified_at, modified_by, view, liked, user_id) values (61, 'Junior Executive', 'Etiam pretium iaculis justo. In hac habitasse platea dictumst.', 'Nunc purus. Phasellus in felis. Donec semper sapien a libero.', 'GOSSIP', '2022-03-02 21:30:11', 'Emmy', '2022-07-09 21:05:34', 'Odell', 61, 61, 1);
insert into post (id, title, content, content_raw, post_type, created_at, created_by, modified_at, modified_by, view, liked, user_id) values (62, 'Senior Cost Accountant', 'Maecenas tristique, est et tempus semper, est quam pharetra magna, ac consequat metus sapien ut nunc. Vestibulum ante ipsum primis in faucibus orci luctus et ultrices posuere cubilia Curae; Mauris viverra diam vitae quam.', 'Donec quis orci eget orci vehicula condimentum. Curabitur in libero ut massa volutpat convallis.', 'TRIAL', '2021-12-28 11:00:34', 'Brendan', '2022-01-14 10:24:45', 'Ansel', 62, 62, 2);
insert into post (id, title, content, content_raw, post_type, created_at, created_by, modified_at, modified_by, view, liked, user_id) values (63, 'Senior Quality Engineer', 'Donec vitae nisi.', 'Cras non velit nec nisi vulputate nonummy. Maecenas tincidunt lacus at velit. Vivamus vel nulla eget eros elementum pellentesque.', 'GOSSIP', '2022-07-13 01:09:55', 'Reid', '2022-01-06 11:30:04', 'Lyda', 63, 63, 2);
insert into post (id, title, content, content_raw, post_type, created_at, created_by, modified_at, modified_by, view, liked, user_id) values (64, 'Civil Engineer', 'Morbi vel lectus in quam fringilla rhoncus.', 'Curabitur convallis. Duis consequat dui nec nisi volutpat eleifend. Donec ut dolor.', 'GOSSIP', '2022-09-08 01:40:24', 'Candace', '2022-10-20 19:08:54', 'Dorie', 64, 64, 1);
insert into post (id, title, content, content_raw, post_type, created_at, created_by, modified_at, modified_by, view, liked, user_id) values (65, 'Editor', 'Donec vitae nisi. Nam ultrices, libero non mattis pulvinar, nulla pede ullamcorper augue, a suscipit nulla elit ac nulla. Sed vel enim sit amet nunc viverra dapibus.', 'Integer pede justo, lacinia eget, tincidunt eget, tempus vel, pede. Morbi porttitor lorem id ligula.', 'CONSULT', '2022-02-23 04:19:58', 'Kyla', '2022-06-15 12:24:45', 'Dietrich', 65, 65, 2);
insert into post (id, title, content, content_raw, post_type, created_at, created_by, modified_at, modified_by, view, liked, user_id) values (66, 'Physical Therapy Assistant', 'Mauris sit amet eros.', 'Proin eu mi. Nulla ac enim.', 'CONSULT', '2022-07-28 03:03:15', 'Royal', '2022-07-06 17:33:34', 'Janeen', 66, 66, 1);
insert into post (id, title, content, content_raw, post_type, created_at, created_by, modified_at, modified_by, view, liked, user_id) values (67, 'Teacher', 'Nullam varius.', 'Morbi vestibulum, velit id pretium iaculis, diam erat fermentum justo, nec condimentum neque sapien placerat ante. Nulla justo.', 'GOSSIP', '2022-05-15 01:11:57', 'Alena', '2022-03-08 18:53:23', 'Haskell', 67, 67, 1);
insert into post (id, title, content, content_raw, post_type, created_at, created_by, modified_at, modified_by, view, liked, user_id) values (68, 'Chemical Engineer', 'Fusce congue, diam id ornare imperdiet, sapien urna pretium nisl, ut volutpat sapien arcu sed augue. Aliquam erat volutpat.', 'Duis mattis egestas metus.', 'GOSSIP', '2022-07-06 03:13:16', 'Winifred', '2021-12-29 12:35:19', 'Jaquelyn', 68, 68, 1);
insert into post (id, title, content, content_raw, post_type, created_at, created_by, modified_at, modified_by, view, liked, user_id) values (69, 'Accountant I', 'Maecenas pulvinar lobortis est.', 'Maecenas rhoncus aliquam lacus. Morbi quis tortor id nulla ultrices aliquet. Maecenas leo odio, condimentum id, luctus nec, molestie sed, justo.', 'CONSULT', '2022-06-13 06:20:18', 'Maurita', '2022-04-22 06:23:58', 'Gibby', 69, 69, 1);
insert into post (id, title, content, content_raw, post_type, created_at, created_by, modified_at, modified_by, view, liked, user_id) values (70, 'Safety Technician II', 'Etiam justo. Etiam pretium iaculis justo. In hac habitasse platea dictumst.', 'Suspendisse potenti. Cras in purus eu magna vulputate luctus.', 'DATING', '2022-10-15 08:43:05', 'Amberly', '2022-05-31 15:52:03', 'Felicio', 70, 70, 1);
insert into post (id, title, content, content_raw, post_type, created_at, created_by, modified_at, modified_by, view, liked, user_id) values (71, 'Junior Executive', 'Donec ut mauris eget massa tempor convallis. Nulla neque libero, convallis eget, eleifend luctus, ultricies eu, nibh. Quisque id justo sit amet sapien dignissim vestibulum.', 'Nam dui. Proin leo odio, porttitor id, consequat in, consequat ut, nulla. Sed accumsan felis.', 'TRIAL', '2022-05-26 02:59:01', 'Hewe', '2022-01-15 08:27:21', 'Petunia', 71, 71, 2);
insert into post (id, title, content, content_raw, post_type, created_at, created_by, modified_at, modified_by, view, liked, user_id) values (72, 'Editor', 'Vivamus vel nulla eget eros elementum pellentesque. Quisque porta volutpat erat. Quisque erat eros, viverra eget, congue eget, semper rutrum, nulla.', 'Aliquam quis turpis eget elit sodales scelerisque. Mauris sit amet eros. Suspendisse accumsan tortor quis turpis.', 'CONSULT', '2022-10-21 09:04:28', 'Robers', '2022-10-08 06:51:09', 'Rivalee', 72, 72, 1);
insert into post (id, title, content, content_raw, post_type, created_at, created_by, modified_at, modified_by, view, liked, user_id) values (73, 'Nurse Practicioner', 'Morbi sem mauris, laoreet ut, rhoncus aliquet, pulvinar sed, nisl. Nunc rhoncus dui vel sem. Sed sagittis.', 'Vestibulum sed magna at nunc commodo placerat. Praesent blandit. Nam nulla.', 'GOSSIP', '2022-04-20 14:56:28', 'Melody', '2022-04-26 12:54:53', 'Lotty', 73, 73, 1);
insert into post (id, title, content, content_raw, post_type, created_at, created_by, modified_at, modified_by, view, liked, user_id) values (74, 'Accountant IV', 'Curabitur gravida nisi at nibh. In hac habitasse platea dictumst.', 'Maecenas ut massa quis augue luctus tincidunt. Nulla mollis molestie lorem.', 'CONSULT', '2022-06-18 22:28:44', 'Alfi', '2022-02-14 05:52:08', 'Roxine', 74, 74, 1);
insert into post (id, title, content, content_raw, post_type, created_at, created_by, modified_at, modified_by, view, liked, user_id) values (75, 'Editor', 'Mauris ullamcorper purus sit amet nulla. Quisque arcu libero, rutrum ac, lobortis vel, dapibus at, diam.', 'Nulla tellus.', 'GOSSIP', '2022-07-04 02:32:04', 'Elva', '2022-06-11 06:59:57', 'Arnuad', 75, 75, 1);
insert into post (id, title, content, content_raw, post_type, created_at, created_by, modified_at, modified_by, view, liked, user_id) values (76, 'Executive Secretary', 'Morbi ut odio. Cras mi pede, malesuada in, imperdiet et, commodo vulputate, justo. In blandit ultrices enim.', 'Aliquam erat volutpat.', 'DATING', '2022-11-25 13:47:12', 'Thor', '2022-07-02 04:45:04', 'Cacilie', 76, 76, 2);
insert into post (id, title, content, content_raw, post_type, created_at, created_by, modified_at, modified_by, view, liked, user_id) values (77, 'Office Assistant I', 'Vestibulum ante ipsum primis in faucibus orci luctus et ultrices posuere cubilia Curae; Mauris viverra diam vitae quam.', 'Nulla neque libero, convallis eget, eleifend luctus, ultricies eu, nibh. Quisque id justo sit amet sapien dignissim vestibulum. Vestibulum ante ipsum primis in faucibus orci luctus et ultrices posuere cubilia Curae; Nulla dapibus dolor vel est.', 'GOSSIP', '2022-02-04 09:41:26', 'Mathilde', '2022-02-16 10:19:50', 'Ted', 77, 77, 2);
insert into post (id, title, content, content_raw, post_type, created_at, created_by, modified_at, modified_by, view, liked, user_id) values (78, 'Biostatistician II', 'Quisque id justo sit amet sapien dignissim vestibulum. Vestibulum ante ipsum primis in faucibus orci luctus et ultrices posuere cubilia Curae; Nulla dapibus dolor vel est.', 'Phasellus id sapien in sapien iaculis congue. Vivamus metus arcu, adipiscing molestie, hendrerit at, vulputate vitae, nisl. Aenean lectus.', 'DATING', '2022-05-27 22:23:43', 'Malena', '2022-07-17 23:09:53', 'Michel', 78, 78, 1);
insert into post (id, title, content, content_raw, post_type, created_at, created_by, modified_at, modified_by, view, liked, user_id) values (79, 'Software Test Engineer III', 'Morbi a ipsum. Integer a nibh. In quis justo.', 'Aenean sit amet justo. Morbi ut odio.', 'DATING', '2022-09-22 03:41:27', 'Tamiko', '2022-05-16 21:45:27', 'Maury', 79, 79, 1);
insert into post (id, title, content, content_raw, post_type, created_at, created_by, modified_at, modified_by, view, liked, user_id) values (80, 'Database Administrator III', 'Suspendisse potenti.', 'In blandit ultrices enim. Lorem ipsum dolor sit amet, consectetuer adipiscing elit. Proin interdum mauris non ligula pellentesque ultrices.', 'GOSSIP', '2022-08-16 19:16:21', 'Gavan', '2022-08-26 04:08:20', 'Orelle', 80, 80, 1);
insert into post (id, title, content, content_raw, post_type, created_at, created_by, modified_at, modified_by, view, liked, user_id) values (81, 'Geologist IV', 'In congue.', 'In eleifend quam a odio. In hac habitasse platea dictumst.', 'DATING', '2022-04-27 09:30:02', 'Eliot', '2022-08-16 11:19:38', 'Glenda', 81, 81, 1);
insert into post (id, title, content, content_raw, post_type, created_at, created_by, modified_at, modified_by, view, liked, user_id) values (82, 'Occupational Therapist', 'Nam nulla. Integer pede justo, lacinia eget, tincidunt eget, tempus vel, pede.', 'Donec vitae nisi. Nam ultrices, libero non mattis pulvinar, nulla pede ullamcorper augue, a suscipit nulla elit ac nulla. Sed vel enim sit amet nunc viverra dapibus.', 'GOSSIP', '2022-10-12 09:56:41', 'Zandra', '2022-07-29 04:44:00', 'Alva', 82, 82, 1);
insert into post (id, title, content, content_raw, post_type, created_at, created_by, modified_at, modified_by, view, liked, user_id) values (83, 'Analyst Programmer', 'Integer tincidunt ante vel ipsum.', 'Donec semper sapien a libero.', 'DATING', '2022-11-04 18:25:29', 'Deerdre', '2022-09-23 11:25:00', 'Ase', 83, 83, 2);
insert into post (id, title, content, content_raw, post_type, created_at, created_by, modified_at, modified_by, view, liked, user_id) values (84, 'Software Engineer II', 'Morbi odio odio, elementum eu, interdum eu, tincidunt in, leo. Maecenas pulvinar lobortis est.', 'Proin at turpis a pede posuere nonummy.', 'DATING', '2022-09-30 20:10:50', 'Angela', '2022-06-18 05:26:40', 'Giselbert', 84, 84, 1);
insert into post (id, title, content, content_raw, post_type, created_at, created_by, modified_at, modified_by, view, liked, user_id) values (85, 'Web Designer II', 'Morbi vel lectus in quam fringilla rhoncus.', 'Nullam molestie nibh in lectus. Pellentesque at nulla.', 'CONSULT', '2022-04-15 13:31:33', 'Silvanus', '2022-10-21 07:01:16', 'Tamqrah', 85, 85, 1);
insert into post (id, title, content, content_raw, post_type, created_at, created_by, modified_at, modified_by, view, liked, user_id) values (86, 'VP Product Management', 'Mauris sit amet eros. Suspendisse accumsan tortor quis turpis. Sed ante.', 'Phasellus sit amet erat. Nulla tempus. Vivamus in felis eu sapien cursus vestibulum.', 'DATING', '2022-07-15 17:54:27', 'Blaire', '2022-02-25 01:28:35', 'Eirena', 86, 86, 1);
insert into post (id, title, content, content_raw, post_type, created_at, created_by, modified_at, modified_by, view, liked, user_id) values (87, 'Programmer I', 'Integer tincidunt ante vel ipsum.', 'Nulla ut erat id mauris vulputate elementum. Nullam varius. Nulla facilisi.', 'GOSSIP', '2022-05-01 13:58:48', 'Matti', '2022-06-28 14:46:15', 'Bobbye', 87, 87, 2);
insert into post (id, title, content, content_raw, post_type, created_at, created_by, modified_at, modified_by, view, liked, user_id) values (88, 'Financial Analyst', 'Curabitur gravida nisi at nibh. In hac habitasse platea dictumst. Aliquam augue quam, sollicitudin vitae, consectetuer eget, rutrum at, lorem.', 'Nulla mollis molestie lorem.', 'TRIAL', '2022-12-03 08:38:19', 'Cecelia', '2022-07-23 06:59:30', 'Rickie', 88, 88, 2);
insert into post (id, title, content, content_raw, post_type, created_at, created_by, modified_at, modified_by, view, liked, user_id) values (89, 'Dental Hygienist', 'Fusce consequat. Nulla nisl.', 'Vestibulum quam sapien, varius ut, blandit non, interdum in, ante. Vestibulum ante ipsum primis in faucibus orci luctus et ultrices posuere cubilia Curae; Duis faucibus accumsan odio. Curabitur convallis.', 'TRIAL', '2022-02-11 09:51:00', 'Leilah', '2021-12-15 03:49:50', 'Rhetta', 89, 89, 2);
insert into post (id, title, content, content_raw, post_type, created_at, created_by, modified_at, modified_by, view, liked, user_id) values (90, 'Design Engineer', 'Duis at velit eu est congue elementum. In hac habitasse platea dictumst.', 'Nulla ut erat id mauris vulputate elementum. Nullam varius. Nulla facilisi.', 'GOSSIP', '2022-02-04 10:53:37', 'Randolph', '2022-09-23 10:54:35', 'Zuzana', 90, 90, 1);
insert into post (id, title, content, content_raw, post_type, created_at, created_by, modified_at, modified_by, view, liked, user_id) values (91, 'Operator', 'Maecenas tincidunt lacus at velit. Vivamus vel nulla eget eros elementum pellentesque.', 'Vivamus metus arcu, adipiscing molestie, hendrerit at, vulputate vitae, nisl. Aenean lectus. Pellentesque eget nunc.', 'CONSULT', '2022-02-05 16:59:56', 'Anthea', '2022-05-30 08:57:47', 'Cornelia', 91, 91, 1);
insert into post (id, title, content, content_raw, post_type, created_at, created_by, modified_at, modified_by, view, liked, user_id) values (92, 'Assistant Manager', 'Nulla justo.', 'Phasellus sit amet erat. Nulla tempus.', 'TRIAL', '2022-09-06 04:54:10', 'Idalia', '2021-12-10 08:38:29', 'Brier', 92, 92, 1);
insert into post (id, title, content, content_raw, post_type, created_at, created_by, modified_at, modified_by, view, liked, user_id) values (93, 'Technical Writer', 'Quisque id justo sit amet sapien dignissim vestibulum. Vestibulum ante ipsum primis in faucibus orci luctus et ultrices posuere cubilia Curae; Nulla dapibus dolor vel est. Donec odio justo, sollicitudin ut, suscipit a, feugiat et, eros.', 'Vestibulum sed magna at nunc commodo placerat. Praesent blandit.', 'CONSULT', '2022-11-15 11:23:15', 'Quincy', '2022-07-22 22:30:18', 'Nicolle', 93, 93, 1);
insert into post (id, title, content, content_raw, post_type, created_at, created_by, modified_at, modified_by, view, liked, user_id) values (94, 'Teacher', 'Nulla neque libero, convallis eget, eleifend luctus, ultricies eu, nibh. Quisque id justo sit amet sapien dignissim vestibulum.', 'Donec odio justo, sollicitudin ut, suscipit a, feugiat et, eros. Vestibulum ac est lacinia nisi venenatis tristique.', 'TRIAL', '2022-01-13 17:36:15', 'Nancy', '2022-01-15 02:04:47', 'Ynes', 94, 94, 2);
insert into post (id, title, content, content_raw, post_type, created_at, created_by, modified_at, modified_by, view, liked, user_id) values (95, 'Recruiting Manager', 'Nullam porttitor lacus at turpis. Donec posuere metus vitae ipsum.', 'Nullam molestie nibh in lectus.', 'TRIAL', '2022-11-10 02:31:05', 'Hillel', '2022-09-15 08:12:36', 'Phyllida', 95, 95, 1);
insert into post (id, title, content, content_raw, post_type, created_at, created_by, modified_at, modified_by, view, liked, user_id) values (96, 'Graphic Designer', 'Morbi sem mauris, laoreet ut, rhoncus aliquet, pulvinar sed, nisl. Nunc rhoncus dui vel sem. Sed sagittis.', 'Nunc nisl. Duis bibendum, felis sed interdum venenatis, turpis enim blandit mi, in porttitor pede justo eu massa.', 'GOSSIP', '2022-08-01 19:55:42', 'Robinett', '2022-03-17 17:53:20', 'Jimmie', 96, 96, 1);
insert into post (id, title, content, content_raw, post_type, created_at, created_by, modified_at, modified_by, view, liked, user_id) values (97, 'Quality Control Specialist', 'Quisque ut erat.', 'Cras pellentesque volutpat dui. Maecenas tristique, est et tempus semper, est quam pharetra magna, ac consequat metus sapien ut nunc.', 'DATING', '2022-01-16 13:07:43', 'Felipa', '2022-03-19 10:40:24', 'Antin', 97, 97, 1);
insert into post (id, title, content, content_raw, post_type, created_at, created_by, modified_at, modified_by, view, liked, user_id) values (98, 'Senior Developer', 'Phasellus id sapien in sapien iaculis congue.', 'Duis bibendum. Morbi non quam nec dui luctus rutrum. Nulla tellus.', 'GOSSIP', '2022-09-05 03:11:47', 'Esteban', '2022-07-23 15:18:15', 'Rhoda', 98, 98, 1);
insert into post (id, title, content, content_raw, post_type, created_at, created_by, modified_at, modified_by, view, liked, user_id) values (99, 'Director of Sales', 'Vivamus vestibulum sagittis sapien. Cum sociis natoque penatibus et magnis dis parturient montes, nascetur ridiculus mus. Etiam vel augue.', 'Nullam porttitor lacus at turpis. Donec posuere metus vitae ipsum. Aliquam non mauris.', 'GOSSIP', '2021-12-30 15:20:30', 'Harrison', '2022-03-11 10:26:16', 'Alicea', 99, 99, 2);
insert into post (id, title, content, content_raw, post_type, created_at, created_by, modified_at, modified_by, view, liked, user_id) values (100, 'Systems Administrator I', 'Morbi ut odio.', 'Curabitur at ipsum ac tellus semper interdum. Mauris ullamcorper purus sit amet nulla.', 'CONSULT', '2022-05-13 02:38:03', 'Dov', '2022-05-10 20:09:04', 'Brand', 100, 100, 1);

insert into post_comment (id, post_id, content, created_at, created_by, modified_at, modified_by) values (1, 1, 'In hac habitasse platea dictumst. Aliquam augue quam, sollicitudin vitae, consectetuer eget, rutrum at, lorem.', '2022-05-08 13:41:40', 'Donal', '2022-11-20 15:15:09', 'Gabby');
insert into post_comment (id, post_id, content, created_at, created_by, modified_at, modified_by) values (2, 2, 'Nulla facilisi. Cras non velit nec nisi vulputate nonummy. Maecenas tincidunt lacus at velit.', '2022-01-02 01:42:19', 'Lisetta', '2022-09-11 04:33:31', 'Greta');
insert into post_comment (id, post_id, content, created_at, created_by, modified_at, modified_by) values (3, 3, 'Donec vitae nisi.', '2022-06-24 02:42:46', 'Sue', '2022-11-05 22:38:22', 'Cacilia');
insert into post_comment (id, post_id, content, created_at, created_by, modified_at, modified_by) values (4, 4, 'Maecenas leo odio, condimentum id, luctus nec, molestie sed, justo. Pellentesque viverra pede ac diam. Cras pellentesque volutpat dui.', '2022-01-30 19:25:57', 'Moss', '2022-10-23 11:55:16', 'Araldo');
insert into post_comment (id, post_id, content, created_at, created_by, modified_at, modified_by) values (5, 5, 'Phasellus sit amet erat. Nulla tempus.', '2022-07-09 09:50:49', 'Ania', '2022-08-13 05:19:15', 'Kylen');
insert into post_comment (id, post_id, content, created_at, created_by, modified_at, modified_by) values (6, 6, 'Nullam porttitor lacus at turpis. Donec posuere metus vitae ipsum. Aliquam non mauris.', '2022-10-02 04:11:16', 'Tomlin', '2022-06-27 03:18:58', 'Wallis');
insert into post_comment (id, post_id, content, created_at, created_by, modified_at, modified_by) values (7, 7, 'Integer ac leo. Pellentesque ultrices mattis odio.', '2022-05-07 05:34:14', 'Nicole', '2022-04-22 19:39:04', 'Steward');
insert into post_comment (id, post_id, content, created_at, created_by, modified_at, modified_by) values (8, 8, 'Vestibulum sed magna at nunc commodo placerat.', '2022-08-02 18:46:47', 'Aurilia', '2022-11-01 04:04:32', 'Millicent');
insert into post_comment (id, post_id, content, created_at, created_by, modified_at, modified_by) values (9, 9, 'Cras non velit nec nisi vulputate nonummy. Maecenas tincidunt lacus at velit. Vivamus vel nulla eget eros elementum pellentesque.', '2022-09-29 07:28:14', 'Peg', '2022-06-27 18:46:44', 'Art');
insert into post_comment (id, post_id, content, created_at, created_by, modified_at, modified_by) values (10, 10, 'Morbi ut odio. Cras mi pede, malesuada in, imperdiet et, commodo vulputate, justo.', '2022-11-20 20:54:41', 'Marybeth', '2022-04-05 08:55:53', 'Gram');
insert into post_comment (id, post_id, content, created_at, created_by, modified_at, modified_by) values (11, 11, 'Nam dui. Proin leo odio, porttitor id, consequat in, consequat ut, nulla.', '2022-06-09 17:30:30', 'Marrilee', '2022-11-25 13:08:00', 'Earl');
insert into post_comment (id, post_id, content, created_at, created_by, modified_at, modified_by) values (12, 12, 'Proin at turpis a pede posuere nonummy. Integer non velit.', '2022-10-17 07:17:49', 'Janette', '2022-05-13 18:14:30', 'Brendis');
insert into post_comment (id, post_id, content, created_at, created_by, modified_at, modified_by) values (13, 13, 'Morbi sem mauris, laoreet ut, rhoncus aliquet, pulvinar sed, nisl.', '2022-11-05 22:02:55', 'Babita', '2022-09-12 04:17:51', 'Matty');
insert into post_comment (id, post_id, content, created_at, created_by, modified_at, modified_by) values (14, 14, 'Nullam molestie nibh in lectus.', '2022-09-10 03:12:55', 'Glen', '2021-12-16 01:15:42', 'Jessica');
insert into post_comment (id, post_id, content, created_at, created_by, modified_at, modified_by) values (15, 15, 'Nulla mollis molestie lorem. Quisque ut erat.', '2022-03-06 00:26:16', 'Weylin', '2022-07-06 17:54:14', 'Harp');
insert into post_comment (id, post_id, content, created_at, created_by, modified_at, modified_by) values (16, 16, 'Proin eu mi. Nulla ac enim. In tempor, turpis nec euismod scelerisque, quam turpis adipiscing lorem, vitae mattis nibh ligula nec sem.', '2022-07-13 21:38:26', 'Laurel', '2022-08-15 18:43:26', 'Linnea');
insert into post_comment (id, post_id, content, created_at, created_by, modified_at, modified_by) values (17, 17, 'Cras mi pede, malesuada in, imperdiet et, commodo vulputate, justo. In blandit ultrices enim.', '2022-08-10 14:20:30', 'Lynnea', '2022-10-31 08:42:57', 'Jdavie');
insert into post_comment (id, post_id, content, created_at, created_by, modified_at, modified_by) values (18, 18, 'Integer pede justo, lacinia eget, tincidunt eget, tempus vel, pede. Morbi porttitor lorem id ligula. Suspendisse ornare consequat lectus.', '2022-03-14 00:06:55', 'Darcey', '2022-11-23 16:19:56', 'Tallie');
insert into post_comment (id, post_id, content, created_at, created_by, modified_at, modified_by) values (19, 19, 'Nullam sit amet turpis elementum ligula vehicula consequat. Morbi a ipsum. Integer a nibh.', '2022-11-28 14:51:32', 'Cal', '2022-09-06 04:36:01', 'Briant');
insert into post_comment (id, post_id, content, created_at, created_by, modified_at, modified_by) values (20, 20, 'Proin eu mi. Nulla ac enim.', '2022-11-06 10:58:11', 'Margi', '2022-10-29 05:04:39', 'Delmar');
insert into post_comment (id, post_id, content, created_at, created_by, modified_at, modified_by) values (21, 21, 'Cras non velit nec nisi vulputate nonummy. Maecenas tincidunt lacus at velit. Vivamus vel nulla eget eros elementum pellentesque.', '2022-01-31 05:48:35', 'Gill', '2022-09-12 14:55:02', 'Ursala');
insert into post_comment (id, post_id, content, created_at, created_by, modified_at, modified_by) values (22, 22, 'Proin eu mi. Nulla ac enim. In tempor, turpis nec euismod scelerisque, quam turpis adipiscing lorem, vitae mattis nibh ligula nec sem.', '2022-09-17 16:56:02', 'Paul', '2022-11-14 12:00:24', 'Fancie');
insert into post_comment (id, post_id, content, created_at, created_by, modified_at, modified_by) values (23, 23, 'Mauris ullamcorper purus sit amet nulla.', '2022-08-06 04:26:40', 'Fitz', '2022-07-24 19:09:25', 'Bili');
insert into post_comment (id, post_id, content, created_at, created_by, modified_at, modified_by) values (24, 24, 'In hac habitasse platea dictumst. Etiam faucibus cursus urna.', '2022-06-03 04:54:18', 'Rhona', '2022-03-04 22:22:15', 'Hilda');
insert into post_comment (id, post_id, content, created_at, created_by, modified_at, modified_by) values (25, 25, 'Fusce lacus purus, aliquet at, feugiat non, pretium quis, lectus. Suspendisse potenti. In eleifend quam a odio.', '2022-11-18 18:29:38', 'Taber', '2022-04-05 08:46:07', 'Neala');
insert into post_comment (id, post_id, content, created_at, created_by, modified_at, modified_by) values (26, 26, 'Integer aliquet, massa id lobortis convallis, tortor risus dapibus augue, vel accumsan tellus nisi eu orci. Mauris lacinia sapien quis libero.', '2022-04-13 01:47:31', 'Matelda', '2022-08-04 22:23:40', 'Oriana');
insert into post_comment (id, post_id, content, created_at, created_by, modified_at, modified_by) values (27, 27, 'Mauris sit amet eros. Suspendisse accumsan tortor quis turpis. Sed ante.', '2022-05-17 04:50:29', 'Branden', '2022-12-02 23:41:14', 'Charlton');
insert into post_comment (id, post_id, content, created_at, created_by, modified_at, modified_by) values (28, 28, 'Nam tristique tortor eu pede.', '2022-08-01 16:41:35', 'Donnajean', '2022-03-23 00:03:27', 'Valencia');
insert into post_comment (id, post_id, content, created_at, created_by, modified_at, modified_by) values (29, 29, 'Vivamus in felis eu sapien cursus vestibulum. Proin eu mi.', '2022-01-30 22:09:27', 'Danny', '2022-03-20 10:26:39', 'Jake');
insert into post_comment (id, post_id, content, created_at, created_by, modified_at, modified_by) values (30, 30, 'In hac habitasse platea dictumst.', '2022-06-17 14:31:06', 'Bink', '2022-09-09 03:59:29', 'Christie');
insert into post_comment (id, post_id, content, created_at, created_by, modified_at, modified_by) values (31, 31, 'Nam nulla. Integer pede justo, lacinia eget, tincidunt eget, tempus vel, pede.', '2022-05-17 03:54:53', 'Meridith', '2022-04-21 12:59:44', 'Elinore');
insert into post_comment (id, post_id, content, created_at, created_by, modified_at, modified_by) values (32, 32, 'Nullam molestie nibh in lectus.', '2022-04-23 22:23:10', 'Dannel', '2022-02-13 02:47:26', 'Harley');
insert into post_comment (id, post_id, content, created_at, created_by, modified_at, modified_by) values (33, 33, 'Maecenas tristique, est et tempus semper, est quam pharetra magna, ac consequat metus sapien ut nunc.', '2022-05-02 09:57:59', 'Milicent', '2022-08-23 14:41:08', 'Sallyann');
insert into post_comment (id, post_id, content, created_at, created_by, modified_at, modified_by) values (34, 34, 'Aliquam erat volutpat. In congue. Etiam justo.', '2022-10-29 23:06:46', 'Darill', '2022-02-07 12:48:20', 'Jordan');
insert into post_comment (id, post_id, content, created_at, created_by, modified_at, modified_by) values (35, 35, 'Nullam porttitor lacus at turpis. Donec posuere metus vitae ipsum. Aliquam non mauris.', '2022-01-15 21:58:07', 'Pegeen', '2022-04-19 05:07:31', 'Onfroi');
insert into post_comment (id, post_id, content, created_at, created_by, modified_at, modified_by) values (36, 36, 'Morbi vel lectus in quam fringilla rhoncus. Mauris enim leo, rhoncus sed, vestibulum sit amet, cursus id, turpis.', '2022-01-19 08:26:47', 'Titus', '2022-03-02 06:32:20', 'Antony');
insert into post_comment (id, post_id, content, created_at, created_by, modified_at, modified_by) values (37, 37, 'Integer tincidunt ante vel ipsum. Praesent blandit lacinia erat.', '2022-10-25 03:34:09', 'Fey', '2022-04-29 01:44:46', 'Terrance');
insert into post_comment (id, post_id, content, created_at, created_by, modified_at, modified_by) values (38, 38, 'Maecenas rhoncus aliquam lacus.', '2022-07-15 07:37:40', 'Kassi', '2022-11-26 07:07:21', 'Kamilah');
insert into post_comment (id, post_id, content, created_at, created_by, modified_at, modified_by) values (39, 39, 'Suspendisse ornare consequat lectus. In est risus, auctor sed, tristique in, tempus sit amet, sem.', '2022-04-02 08:43:57', 'Paco', '2022-09-18 06:31:27', 'Poppy');
insert into post_comment (id, post_id, content, created_at, created_by, modified_at, modified_by) values (40, 40, 'Quisque erat eros, viverra eget, congue eget, semper rutrum, nulla. Nunc purus. Phasellus in felis.', '2022-09-13 01:33:40', 'Hilary', '2022-07-04 18:51:29', 'Smith');
insert into post_comment (id, post_id, content, created_at, created_by, modified_at, modified_by) values (41, 41, 'Aliquam sit amet diam in magna bibendum imperdiet. Nullam orci pede, venenatis non, sodales sed, tincidunt eu, felis.', '2022-04-20 12:00:51', 'Herminia', '2022-02-04 22:55:33', 'Mischa');
insert into post_comment (id, post_id, content, created_at, created_by, modified_at, modified_by) values (42, 42, 'Donec ut dolor.', '2022-06-23 05:57:50', 'Adair', '2022-09-07 03:23:21', 'Bil');
insert into post_comment (id, post_id, content, created_at, created_by, modified_at, modified_by) values (43, 43, 'Vestibulum quam sapien, varius ut, blandit non, interdum in, ante. Vestibulum ante ipsum primis in faucibus orci luctus et ultrices posuere cubilia Curae; Duis faucibus accumsan odio.', '2022-07-08 11:52:16', 'Tessy', '2022-01-09 06:25:43', 'Blakelee');
insert into post_comment (id, post_id, content, created_at, created_by, modified_at, modified_by) values (44, 44, 'Vivamus in felis eu sapien cursus vestibulum. Proin eu mi.', '2022-06-20 09:36:19', 'Felicio', '2022-03-09 10:33:05', 'Shay');
insert into post_comment (id, post_id, content, created_at, created_by, modified_at, modified_by) values (45, 45, 'Aenean fermentum. Donec ut mauris eget massa tempor convallis.', '2022-06-26 13:18:17', 'Norine', '2022-12-03 17:45:14', 'Deeanne');
insert into post_comment (id, post_id, content, created_at, created_by, modified_at, modified_by) values (46, 46, 'Duis ac nibh. Fusce lacus purus, aliquet at, feugiat non, pretium quis, lectus.', '2022-04-23 17:15:00', 'Kyla', '2022-05-27 19:14:57', 'Maire');
insert into post_comment (id, post_id, content, created_at, created_by, modified_at, modified_by) values (47, 47, 'In blandit ultrices enim.', '2022-06-18 01:11:50', 'Alfredo', '2022-04-05 15:14:25', 'Beaufort');
insert into post_comment (id, post_id, content, created_at, created_by, modified_at, modified_by) values (48, 48, 'Pellentesque ultrices mattis odio.', '2022-08-31 20:50:16', 'Beverley', '2022-09-16 11:38:47', 'Henryetta');
insert into post_comment (id, post_id, content, created_at, created_by, modified_at, modified_by) values (49, 49, 'Aliquam sit amet diam in magna bibendum imperdiet.', '2022-06-08 18:15:11', 'Michell', '2022-06-07 10:26:23', 'Gregg');
insert into post_comment (id, post_id, content, created_at, created_by, modified_at, modified_by) values (50, 50, 'Sed vel enim sit amet nunc viverra dapibus. Nulla suscipit ligula in lacus. Curabitur at ipsum ac tellus semper interdum.', '2022-06-03 13:43:32', 'Modesta', '2021-12-31 01:54:33', 'Bord');
insert into post_comment (id, post_id, content, created_at, created_by, modified_at, modified_by) values (51, 51, 'Vivamus tortor. Duis mattis egestas metus.', '2022-06-18 11:01:51', 'Kayne', '2022-07-11 00:53:20', 'Daffie');
insert into post_comment (id, post_id, content, created_at, created_by, modified_at, modified_by) values (52, 52, 'Sed accumsan felis.', '2021-12-23 02:16:00', 'Pepi', '2022-08-22 14:41:25', 'Reilly');
insert into post_comment (id, post_id, content, created_at, created_by, modified_at, modified_by) values (53, 53, 'Vivamus vel nulla eget eros elementum pellentesque.', '2022-01-13 02:26:15', 'Erasmus', '2022-09-30 02:33:19', 'Archibaldo');
insert into post_comment (id, post_id, content, created_at, created_by, modified_at, modified_by) values (54, 54, 'Vivamus vestibulum sagittis sapien. Cum sociis natoque penatibus et magnis dis parturient montes, nascetur ridiculus mus. Etiam vel augue.', '2022-06-12 21:46:38', 'Kinny', '2022-02-10 00:12:34', 'Christabel');
insert into post_comment (id, post_id, content, created_at, created_by, modified_at, modified_by) values (55, 55, 'Pellentesque at nulla. Suspendisse potenti. Cras in purus eu magna vulputate luctus.', '2022-10-25 03:40:43', 'Don', '2022-08-11 16:36:56', 'Georgetta');
insert into post_comment (id, post_id, content, created_at, created_by, modified_at, modified_by) values (56, 56, 'Integer ac neque. Duis bibendum. Morbi non quam nec dui luctus rutrum.', '2022-11-30 13:49:25', 'Liz', '2022-11-11 00:10:35', 'Daphne');
insert into post_comment (id, post_id, content, created_at, created_by, modified_at, modified_by) values (57, 57, 'Fusce lacus purus, aliquet at, feugiat non, pretium quis, lectus. Suspendisse potenti. In eleifend quam a odio.', '2022-10-08 09:23:58', 'Kathryne', '2022-07-04 00:02:02', 'Cory');
insert into post_comment (id, post_id, content, created_at, created_by, modified_at, modified_by) values (58, 58, 'Integer ac leo. Pellentesque ultrices mattis odio. Donec vitae nisi.', '2022-03-13 09:42:51', 'Nicolette', '2022-09-11 17:29:46', 'Tootsie');
insert into post_comment (id, post_id, content, created_at, created_by, modified_at, modified_by) values (59, 59, 'Proin interdum mauris non ligula pellentesque ultrices.', '2022-01-05 21:09:47', 'Miguela', '2022-03-29 18:10:36', 'Riccardo');
insert into post_comment (id, post_id, content, created_at, created_by, modified_at, modified_by) values (60, 60, 'Integer a nibh. In quis justo.', '2022-06-21 01:11:59', 'Rebbecca', '2022-05-03 23:28:29', 'Isiahi');
insert into post_comment (id, post_id, content, created_at, created_by, modified_at, modified_by) values (61, 61, 'Maecenas leo odio, condimentum id, luctus nec, molestie sed, justo. Pellentesque viverra pede ac diam.', '2022-10-30 04:28:53', 'Cornelius', '2021-12-07 00:38:55', 'Holli');
insert into post_comment (id, post_id, content, created_at, created_by, modified_at, modified_by) values (62, 62, 'Maecenas tincidunt lacus at velit.', '2022-05-20 18:53:00', 'Nissa', '2022-07-06 13:04:16', 'Cobby');
insert into post_comment (id, post_id, content, created_at, created_by, modified_at, modified_by) values (63, 63, 'Morbi vel lectus in quam fringilla rhoncus. Mauris enim leo, rhoncus sed, vestibulum sit amet, cursus id, turpis.', '2022-07-17 22:45:41', 'Nestor', '2022-10-31 08:49:16', 'Cate');
insert into post_comment (id, post_id, content, created_at, created_by, modified_at, modified_by) values (64, 64, 'Donec ut dolor. Morbi vel lectus in quam fringilla rhoncus.', '2022-09-28 15:36:29', 'Neala', '2022-05-14 07:28:09', 'Alys');
insert into post_comment (id, post_id, content, created_at, created_by, modified_at, modified_by) values (65, 65, 'Cum sociis natoque penatibus et magnis dis parturient montes, nascetur ridiculus mus.', '2022-10-29 22:13:58', 'Ruttger', '2022-10-22 04:17:48', 'Hasty');
insert into post_comment (id, post_id, content, created_at, created_by, modified_at, modified_by) values (66, 66, 'In hac habitasse platea dictumst.', '2022-09-06 08:29:15', 'Jerrilyn', '2022-07-06 22:07:52', 'Merline');
insert into post_comment (id, post_id, content, created_at, created_by, modified_at, modified_by) values (67, 67, 'Nunc nisl. Duis bibendum, felis sed interdum venenatis, turpis enim blandit mi, in porttitor pede justo eu massa. Donec dapibus.', '2022-12-01 05:40:46', 'Caprice', '2022-09-17 19:03:56', 'Clem');
insert into post_comment (id, post_id, content, created_at, created_by, modified_at, modified_by) values (68, 68, 'Mauris sit amet eros. Suspendisse accumsan tortor quis turpis. Sed ante.', '2022-02-27 11:33:53', 'Garv', '2022-10-04 17:56:14', 'Natale');
insert into post_comment (id, post_id, content, created_at, created_by, modified_at, modified_by) values (69, 69, 'Curabitur gravida nisi at nibh.', '2022-04-14 11:40:40', 'Valentin', '2022-09-06 12:56:33', 'Aliza');
insert into post_comment (id, post_id, content, created_at, created_by, modified_at, modified_by) values (70, 70, 'In quis justo. Maecenas rhoncus aliquam lacus. Morbi quis tortor id nulla ultrices aliquet.', '2022-08-07 02:57:53', 'Yvor', '2022-10-06 16:32:05', 'Balduin');
insert into post_comment (id, post_id, content, created_at, created_by, modified_at, modified_by) values (71, 71, 'Nulla ac enim.', '2022-01-19 14:36:59', 'Hazel', '2022-01-12 04:06:26', 'Ynez');
insert into post_comment (id, post_id, content, created_at, created_by, modified_at, modified_by) values (72, 72, 'Nunc nisl. Duis bibendum, felis sed interdum venenatis, turpis enim blandit mi, in porttitor pede justo eu massa. Donec dapibus.', '2022-06-24 11:24:57', 'Martin', '2022-01-15 21:55:52', 'Rickard');
insert into post_comment (id, post_id, content, created_at, created_by, modified_at, modified_by) values (73, 73, 'Praesent blandit lacinia erat.', '2022-05-19 22:25:05', 'Edsel', '2022-07-02 13:21:12', 'Minny');
insert into post_comment (id, post_id, content, created_at, created_by, modified_at, modified_by) values (74, 74, 'Cras pellentesque volutpat dui.', '2022-07-03 16:28:24', 'Florencia', '2022-10-04 09:18:46', 'Allyn');
insert into post_comment (id, post_id, content, created_at, created_by, modified_at, modified_by) values (75, 75, 'Fusce posuere felis sed lacus. Morbi sem mauris, laoreet ut, rhoncus aliquet, pulvinar sed, nisl.', '2022-06-12 03:16:14', 'Peggy', '2022-02-12 03:40:07', 'Shirl');
insert into post_comment (id, post_id, content, created_at, created_by, modified_at, modified_by) values (76, 76, 'Donec odio justo, sollicitudin ut, suscipit a, feugiat et, eros. Vestibulum ac est lacinia nisi venenatis tristique. Fusce congue, diam id ornare imperdiet, sapien urna pretium nisl, ut volutpat sapien arcu sed augue.', '2022-08-27 05:43:03', 'Nerita', '2022-04-22 16:43:07', 'Abigail');
insert into post_comment (id, post_id, content, created_at, created_by, modified_at, modified_by) values (77, 77, 'Aenean auctor gravida sem.', '2022-07-21 08:17:05', 'Wallache', '2022-07-10 12:50:35', 'Deidre');
insert into post_comment (id, post_id, content, created_at, created_by, modified_at, modified_by) values (78, 78, 'Nullam varius. Nulla facilisi. Cras non velit nec nisi vulputate nonummy.', '2022-01-27 06:30:11', 'Thayne', '2022-09-01 10:54:43', 'Glen');
insert into post_comment (id, post_id, content, created_at, created_by, modified_at, modified_by) values (79, 79, 'Curabitur gravida nisi at nibh. In hac habitasse platea dictumst.', '2022-07-28 03:26:47', 'Marcus', '2022-08-14 17:23:36', 'Alethea');
insert into post_comment (id, post_id, content, created_at, created_by, modified_at, modified_by) values (80, 80, 'Cras mi pede, malesuada in, imperdiet et, commodo vulputate, justo. In blandit ultrices enim.', '2022-09-17 04:39:40', 'Roda', '2022-05-12 04:06:56', 'Jabez');
insert into post_comment (id, post_id, content, created_at, created_by, modified_at, modified_by) values (81, 81, 'Praesent blandit. Nam nulla.', '2022-03-23 15:52:33', 'Drusilla', '2022-02-09 06:37:04', 'Lynda');
insert into post_comment (id, post_id, content, created_at, created_by, modified_at, modified_by) values (82, 82, 'Maecenas tristique, est et tempus semper, est quam pharetra magna, ac consequat metus sapien ut nunc. Vestibulum ante ipsum primis in faucibus orci luctus et ultrices posuere cubilia Curae; Mauris viverra diam vitae quam. Suspendisse potenti.', '2022-06-08 17:02:55', 'Herold', '2022-09-24 16:04:37', 'Ardith');
insert into post_comment (id, post_id, content, created_at, created_by, modified_at, modified_by) values (83, 83, 'Maecenas tincidunt lacus at velit. Vivamus vel nulla eget eros elementum pellentesque. Quisque porta volutpat erat.', '2022-01-20 22:03:29', 'Charity', '2022-03-15 14:36:46', 'Barbabas');
insert into post_comment (id, post_id, content, created_at, created_by, modified_at, modified_by) values (84, 84, 'Vestibulum ante ipsum primis in faucibus orci luctus et ultrices posuere cubilia Curae; Duis faucibus accumsan odio.', '2022-07-27 05:31:02', 'Monroe', '2022-10-20 20:20:43', 'Ashlin');
insert into post_comment (id, post_id, content, created_at, created_by, modified_at, modified_by) values (85, 85, 'Nam congue, risus semper porta volutpat, quam pede lobortis ligula, sit amet eleifend pede libero quis orci. Nullam molestie nibh in lectus.', '2022-05-16 09:09:55', 'Lind', '2022-11-19 01:27:46', 'Bambie');
insert into post_comment (id, post_id, content, created_at, created_by, modified_at, modified_by) values (86, 86, 'Cras pellentesque volutpat dui.', '2022-05-16 23:40:32', 'Weber', '2022-05-22 09:48:33', 'Brendin');
insert into post_comment (id, post_id, content, created_at, created_by, modified_at, modified_by) values (87, 87, 'Nam dui. Proin leo odio, porttitor id, consequat in, consequat ut, nulla. Sed accumsan felis.', '2022-03-26 04:08:25', 'Mil', '2022-11-18 21:39:50', 'Shane');
insert into post_comment (id, post_id, content, created_at, created_by, modified_at, modified_by) values (88, 88, 'Donec ut mauris eget massa tempor convallis. Nulla neque libero, convallis eget, eleifend luctus, ultricies eu, nibh. Quisque id justo sit amet sapien dignissim vestibulum.', '2021-12-12 07:34:13', 'Leland', '2022-03-03 23:09:36', 'Zuzana');
insert into post_comment (id, post_id, content, created_at, created_by, modified_at, modified_by) values (89, 89, 'In tempor, turpis nec euismod scelerisque, quam turpis adipiscing lorem, vitae mattis nibh ligula nec sem. Duis aliquam convallis nunc.', '2022-06-24 09:23:48', 'Ludovico', '2022-04-05 03:12:43', 'Tait');
insert into post_comment (id, post_id, content, created_at, created_by, modified_at, modified_by) values (90, 90, 'Mauris sit amet eros.', '2022-05-31 15:53:42', 'Breanne', '2022-01-10 07:06:00', 'Reuben');
insert into post_comment (id, post_id, content, created_at, created_by, modified_at, modified_by) values (91, 91, 'Pellentesque ultrices mattis odio. Donec vitae nisi. Nam ultrices, libero non mattis pulvinar, nulla pede ullamcorper augue, a suscipit nulla elit ac nulla.', '2022-10-07 22:16:22', 'Nerta', '2022-08-18 02:31:30', 'Harris');
insert into post_comment (id, post_id, content, created_at, created_by, modified_at, modified_by) values (92, 92, 'Fusce congue, diam id ornare imperdiet, sapien urna pretium nisl, ut volutpat sapien arcu sed augue.', '2022-02-26 08:27:45', 'Germayne', '2022-04-03 11:27:20', 'Vernice');
insert into post_comment (id, post_id, content, created_at, created_by, modified_at, modified_by) values (93, 93, 'Morbi quis tortor id nulla ultrices aliquet. Maecenas leo odio, condimentum id, luctus nec, molestie sed, justo. Pellentesque viverra pede ac diam.', '2022-10-11 22:42:49', 'Dennet', '2022-03-18 12:48:27', 'Mose');
insert into post_comment (id, post_id, content, created_at, created_by, modified_at, modified_by) values (94, 94, 'Fusce consequat.', '2022-07-17 22:33:03', 'Esdras', '2022-09-24 10:22:44', 'Brina');
insert into post_comment (id, post_id, content, created_at, created_by, modified_at, modified_by) values (95, 95, 'Praesent id massa id nisl venenatis lacinia. Aenean sit amet justo.', '2022-04-11 09:52:55', 'Hadley', '2022-10-06 00:12:43', 'Helene');
insert into post_comment (id, post_id, content, created_at, created_by, modified_at, modified_by) values (96, 96, 'Vestibulum ante ipsum primis in faucibus orci luctus et ultrices posuere cubilia Curae; Donec pharetra, magna vestibulum aliquet ultrices, erat tortor sollicitudin mi, sit amet lobortis sapien sapien non mi. Integer ac neque.', '2022-11-16 10:20:11', 'Clementius', '2022-12-03 06:15:52', 'Isa');
insert into post_comment (id, post_id, content, created_at, created_by, modified_at, modified_by) values (97, 97, 'Vestibulum ante ipsum primis in faucibus orci luctus et ultrices posuere cubilia Curae; Mauris viverra diam vitae quam. Suspendisse potenti.', '2022-04-18 22:28:31', 'Sonni', '2022-04-11 21:57:18', 'Sarena');
insert into post_comment (id, post_id, content, created_at, created_by, modified_at, modified_by) values (98, 98, 'In quis justo. Maecenas rhoncus aliquam lacus. Morbi quis tortor id nulla ultrices aliquet.', '2022-11-27 20:52:44', 'Mariquilla', '2022-11-01 15:11:32', 'Freda');
insert into post_comment (id, post_id, content, created_at, created_by, modified_at, modified_by) values (99, 99, 'In congue.', '2022-01-18 18:21:42', 'Vin', '2021-12-07 10:53:48', 'King');
insert into post_comment (id, post_id, content, created_at, created_by, modified_at, modified_by) values (100, 100, 'Phasellus sit amet erat. Nulla tempus. Vivamus in felis eu sapien cursus vestibulum.', '2022-11-14 01:43:53', 'Quintilla', '2022-10-25 05:58:31', 'Edd');
